16470,1.00,0.01,0.00,0.00
16495,1.00,0.02,0.01,0.01
16519,1.00,0.02,0.01,0.01
16543,1.00,0.02,0.01,0.01
16567,1.00,0.03,0.01,0.01
16610,1.00,0.03,0.02,0.02
16634,1.00,0.03,0.02,0.02
16658,1.00,0.04,0.02,0.02
16682,1.00,0.04,0.03,0.03
16706,1.00,0.04,0.03,0.03
16730,1.00,0.05,0.03,0.03
16754,1.00,0.05,0.03,0.03
16778,1.00,0.05,0.04,0.04
16802,1.00,0.06,0.04,0.04
16826,1.00,0.06,0.04,0.04
16850,1.00,0.07,0.04,0.04
16874,1.00,0.07,0.04,0.05
16898,0.99,0.07,0.05,0.05
16922,0.99,0.08,0.05,0.05
16946,0.99,0.08,0.05,0.06
16970,0.99,0.08,0.05,0.06
16994,0.99,0.09,0.05,0.06
17018,0.99,0.09,0.06,0.07
17042,0.99,0.10,0.06,0.07
17070,0.99,0.10,0.06,0.07
17094,0.99,0.11,0.06,0.08
17118,0.99,0.11,0.06,0.08
17142,0.99,0.12,0.06,0.08
17166,0.99,0.12,0.07,0.09
17190,0.99,0.13,0.07,0.09
17214,0.98,0.13,0.07,0.09
17238,0.98,0.14,0.07,0.10
17262,0.98,0.15,0.08,0.10
17286,0.98,0.15,0.08,0.10
17310,0.98,0.16,0.08,0.11
17334,0.98,0.17,0.08,0.11
17358,0.97,0.18,0.08,0.11
17382,0.97,0.19,0.08,0.12
17406,0.97,0.20,0.09,0.12
17430,0.97,0.21,0.09,0.12
17454,0.96,0.22,0.09,0.13
17478,0.96,0.24,0.09,0.13
17502,0.95,0.25,0.09,0.13
17531,0.95,0.27,0.09,0.14
17555,0.94,0.28,0.09,0.14
17579,0.94,0.30,0.09,0.14
17603,0.93,0.31,0.09,0.15
17627,0.93,0.33,0.09,0.15
17651,0.92,0.34,0.09,0.15
17675,0.92,0.36,0.09,0.15
17699,0.91,0.38,0.09,0.16
17723,0.90,0.39,0.09,0.16
17747,0.89,0.41,0.09,0.16
17771,0.89,0.42,0.09,0.17
17795,0.88,0.43,0.09,0.17
17819,0.88,0.44,0.09,0.18
17843,0.87,0.45,0.09,0.18
17867,0.87,0.45,0.09,0.19
17891,0.87,0.45,0.09,0.20
17915,0.87,0.45,0.08,0.20
17939,0.87,0.45,0.08,0.21
17963,0.87,0.44,0.07,0.22
17991,0.87,0.44,0.07,0.22
18015,0.87,0.43,0.06,0.23
18039,0.87,0.43,0.05,0.23
18063,0.88,0.42,0.04,0.23
18087,0.88,0.41,0.03,0.24
18111,0.89,0.39,0.01,0.24
18135,0.89,0.38,-0.00,0.25
18159,0.89,0.37,-0.01,0.25
18183,0.90,0.36,-0.03,0.26
18207,0.90,0.35,-0.03,0.26
18231,0.90,0.34,-0.04,0.27
18255,0.90,0.34,-0.05,0.27
18279,0.90,0.33,-0.06,0.27
18303,0.90,0.33,-0.06,0.27
18327,0.90,0.32,-0.07,0.27
18351,0.90,0.32,-0.08,0.27
18375,0.90,0.32,-0.09,0.27
18399,0.90,0.31,-0.09,0.28
18423,0.90,0.31,-0.10,0.28
18452,0.90,0.31,-0.10,0.28
18476,0.90,0.31,-0.10,0.28
18500,0.90,0.31,-0.10,0.29
18524,0.90,0.31,-0.10,0.29
18548,0.90,0.31,-0.09,0.29
18572,0.90,0.30,-0.08,0.30
18596,0.90,0.30,-0.08,0.30
18620,0.90,0.30,-0.07,0.30
18644,0.90,0.30,-0.06,0.31
18668,0.90,0.30,-0.05,0.31
18692,0.90,0.31,-0.04,0.32
18716,0.90,0.31,-0.03,0.32
18740,0.89,0.31,-0.02,0.32
18764,0.89,0.31,-0.01,0.33
18788,0.89,0.31,-0.00,0.33
18812,0.89,0.31,0.01,0.34
18836,0.89,0.31,0.02,0.34
18860,0.88,0.32,0.03,0.35
18888,0.88,0.32,0.04,0.35
18912,0.87,0.33,0.04,0.36
18936,0.87,0.33,0.05,0.36
18960,0.87,0.33,0.06,0.37
18984,0.86,0.34,0.07,0.37
19008,0.86,0.34,0.08,0.37
19032,0.85,0.34,0.09,0.38
19056,0.85,0.35,0.09,0.38
19080,0.85,0.35,0.10,0.39
19104,0.84,0.35,0.11,0.39
19128,0.84,0.35,0.12,0.40
19152,0.84,0.35,0.13,0.40
19176,0.83,0.35,0.14,0.41
19200,0.83,0.35,0.15,0.42
19224,0.82,0.35,0.16,0.42
19248,0.82,0.35,0.17,0.43
19272,0.81,0.36,0.18,0.43
19296,0.81,0.36,0.19,0.43
19320,0.80,0.36,0.20,0.44
19349,0.80,0.36,0.20,0.44
19373,0.79,0.37,0.20,0.44
19397,0.79,0.37,0.21,0.44
19421,0.78,0.38,0.21,0.44
19445,0.78,0.39,0.21,0.44
19469,0.78,0.39,0.21,0.44
19493,0.78,0.40,0.21,0.44
19517,0.78,0.40,0.20,0.44
19541,0.77,0.41,0.20,0.44
19565,0.77,0.41,0.20,0.44
19589,0.77,0.42,0.20,0.44
19613,0.77,0.42,0.20,0.44
19637,0.76,0.43,0.20,0.44
19661,0.76,0.43,0.20,0.44
19685,0.76,0.44,0.20,0.44
19709,0.75,0.44,0.20,0.44
19733,0.75,0.45,0.20,0.45
19757,0.75,0.45,0.20,0.45
19781,0.74,0.45,0.20,0.45
19809,0.74,0.45,0.19,0.46
19833,0.74,0.46,0.19,0.46
19857,0.73,0.46,0.19,0.46
19881,0.73,0.46,0.18,0.47
19905,0.73,0.47,0.18,0.47
19929,0.72,0.47,0.17,0.47
19953,0.72,0.47,0.17,0.48
19977,0.72,0.47,0.17,0.48
20001,0.72,0.47,0.17,0.48
20025,0.71,0.47,0.17,0.49
20049,0.71,0.47,0.17,0.49
20073,0.71,0.47,0.17,0.49
20097,0.70,0.47,0.18,0.50
20121,0.70,0.47,0.18,0.50
20145,0.70,0.47,0.18,0.51
20169,0.70,0.47,0.19,0.51
20193,0.69,0.47,0.19,0.51
20217,0.69,0.47,0.19,0.51
20241,0.69,0.47,0.19,0.52
20296,0.69,0.47,0.19,0.52
20320,0.68,0.47,0.19,0.52
20344,0.68,0.48,0.20,0.52
20368,0.68,0.48,0.20,0.52
20392,0.68,0.48,0.20,0.52
20416,0.67,0.48,0.20,0.52
20440,0.67,0.48,0.21,0.52
20464,0.67,0.48,0.21,0.52
20488,0.67,0.48,0.21,0.52
20512,0.68,0.47,0.21,0.52
20536,0.68,0.47,0.21,0.52
20560,0.68,0.47,0.22,0.52
20584,0.68,0.47,0.22,0.52
20608,0.67,0.47,0.22,0.52
20632,0.67,0.48,0.22,0.52
20656,0.67,0.48,0.22,0.52
20680,0.67,0.48,0.22,0.52
20704,0.67,0.49,0.22,0.51
20728,0.67,0.49,0.21,0.51
20757,0.67,0.50,0.21,0.51
20781,0.67,0.50,0.21,0.51
20805,0.67,0.50,0.21,0.51
20829,0.66,0.50,0.21,0.51
20853,0.66,0.50,0.21,0.51
20877,0.66,0.51,0.21,0.51
20901,0.66,0.51,0.21,0.51
20925,0.66,0.51,0.21,0.51
20949,0.66,0.52,0.21,0.51
20973,0.65,0.52,0.21,0.51
20997,0.65,0.52,0.21,0.51
21021,0.65,0.52,0.21,0.51
21045,0.65,0.53,0.21,0.51
21069,0.64,0.53,0.21,0.51
21093,0.64,0.53,0.20,0.51
21117,0.64,0.53,0.20,0.52
21141,0.64,0.53,0.20,0.52
21165,0.64,0.53,0.19,0.52
21189,0.64,0.54,0.19,0.52
21218,0.64,0.54,0.18,0.52
21242,0.64,0.54,0.18,0.52
21266,0.64,0.54,0.18,0.52
21290,0.63,0.54,0.18,0.52
21314,0.63,0.54,0.18,0.52
21338,0.63,0.54,0.18,0.53
21362,0.63,0.54,0.18,0.53
21386,0.63,0.54,0.19,0.53
21410,0.63,0.55,0.19,0.52
21434,0.63,0.55,0.19,0.52
21458,0.63,0.55,0.19,0.52
21482,0.63,0.55,0.18,0.52
21506,0.62,0.55,0.18,0.52
21530,0.62,0.56,0.19,0.52
21554,0.62,0.56,0.19,0.52
21578,0.62,0.56,0.19,0.52
21602,0.62,0.56,0.19,0.52
21626,0.62,0.55,0.20,0.52
21650,0.62,0.55,0.20,0.52
21678,0.62,0.55,0.20,0.52
21702,0.62,0.55,0.20,0.52
21726,0.62,0.55,0.20,0.52
21750,0.62,0.55,0.21,0.52
21774,0.62,0.55,0.21,0.52
21798,0.62,0.55,0.21,0.52
21822,0.62,0.55,0.21,0.51
21846,0.62,0.55,0.21,0.51
21870,0.62,0.56,0.21,0.51
21894,0.62,0.56,0.21,0.51
21918,0.62,0.56,0.21,0.51
21942,0.62,0.57,0.20,0.51
21966,0.62,0.57,0.20,0.51
21990,0.61,0.57,0.20,0.51
22014,0.61,0.57,0.20,0.51
22038,0.61,0.57,0.20,0.51
22062,0.61,0.57,0.20,0.51
22086,0.61,0.57,0.21,0.50
22110,0.61,0.58,0.21,0.50
22139,0.61,0.58,0.20,0.50
22163,0.61,0.58,0.20,0.50
22187,0.61,0.58,0.20,0.50
22211,0.61,0.58,0.20,0.50
22235,0.61,0.58,0.20,0.50
22259,0.61,0.59,0.19,0.50
22283,0.61,0.59,0.19,0.50
22307,0.61,0.59,0.19,0.50
22331,0.61,0.59,0.18,0.50
22355,0.61,0.59,0.17,0.50
22379,0.61,0.60,0.17,0.50
22403,0.61,0.60,0.17,0.50
22427,0.60,0.60,0.18,0.50
22451,0.60,0.60,0.18,0.50
22475,0.60,0.60,0.18,0.50
22499,0.60,0.60,0.18,0.51
22523,0.59,0.59,0.19,0.51
22547,0.59,0.59,0.19,0.51
22571,0.59,0.59,0.20,0.51
22599,0.59,0.59,0.20,0.51
22623,0.59,0.60,0.20,0.51
22647,0.59,0.60,0.20,0.51
22671,0.58,0.60,0.20,0.51
22695,0.58,0.60,0.21,0.51
22719,0.58,0.60,0.21,0.51
22743,0.58,0.60,0.21,0.51
22767,0.57,0.60,0.21,0.51
22791,0.57,0.60,0.22,0.51
22815,0.57,0.60,0.22,0.51
22839,0.57,0.60,0.22,0.51
22863,0.57,0.60,0.22,0.51
22887,0.58,0.60,0.22,0.51
22911,0.58,0.60,0.22,0.51
22935,0.58,0.60,0.22,0.50
22959,0.58,0.60,0.22,0.50
22983,0.58,0.60,0.22,0.50
23007,0.58,0.61,0.22,0.49
23031,0.58,0.61,0.22,0.49
23060,0.58,0.61,0.22,0.49
23084,0.59,0.62,0.22,0.48
23108,0.59,0.62,0.21,0.47
23132,0.59,0.62,0.21,0.47
23156,0.59,0.63,0.21,0.47
23180,0.59,0.63,0.20,0.46
23204,0.58,0.63,0.20,0.46
23228,0.58,0.64,0.20,0.46
23252,0.58,0.64,0.20,0.46
23276,0.58,0.64,0.20,0.46
23300,0.58,0.64,0.20,0.46
23324,0.58,0.64,0.20,0.46
23348,0.58,0.64,0.20,0.46
23372,0.58,0.65,0.20,0.45
23396,0.58,0.65,0.20,0.45
23420,0.58,0.65,0.20,0.45
23444,0.58,0.65,0.20,0.45
23468,0.59,0.65,0.19,0.45
23492,0.59,0.65,0.19,0.45
23520,0.59,0.65,0.19,0.44
23544,0.59,0.65,0.18,0.44
23568,0.59,0.65,0.17,0.44
23592,0.59,0.65,0.16,0.45
23616,0.59,0.65,0.16,0.45
23640,0.59,0.65,0.15,0.45
23664,0.59,0.65,0.15,0.45
23688,0.59,0.65,0.15,0.45
23712,0.59,0.65,0.15,0.45
23736,0.59,0.65,0.15,0.45
23760,0.59,0.65,0.15,0.45
23784,0.59,0.65,0.15,0.45
23808,0.59,0.65,0.14,0.45
23832,0.59,0.65,0.14,0.45
23856,0.59,0.66,0.14,0.44
23880,0.59,0.66,0.14,0.44
23904,0.59,0.66,0.14,0.44
23928,0.59,0.66,0.14,0.44
23952,0.59,0.67,0.14,0.44
23992,0.59,0.67,0.14,0.43
24016,0.59,0.67,0.13,0.43
24040,0.59,0.67,0.13,0.43
24064,0.59,0.68,0.13,0.42
24088,0.59,0.68,0.13,0.42
24112,0.59,0.68,0.13,0.42
24136,0.59,0.68,0.13,0.41
24160,0.59,0.68,0.12,0.41
24184,0.60,0.68,0.12,0.41
24208,0.60,0.68,0.12,0.40
24232,0.60,0.68,0.12,0.40
24256,0.60,0.69,0.12,0.39
24280,0.60,0.69,0.11,0.38
24304,0.60,0.70,0.11,0.37
24328,0.60,0.71,0.10,0.36
24352,0.60,0.71,0.10,0.35
24376,0.60,0.71,0.09,0.34
24400,0.60,0.72,0.08,0.34
24424,0.60,0.73,0.07,0.33
24452,0.60,0.73,0.07,0.32
24476,0.59,0.74,0.07,0.32
24500,0.59,0.74,0.06,0.31
24524,0.59,0.74,0.06,0.30
24548,0.59,0.75,0.05,0.30
24572,0.59,0.75,0.05,0.29
24596,0.59,0.75,0.04,0.28
24620,0.59,0.76,0.04,0.28
24644,0.59,0.76,0.03,0.27
24668,0.59,0.76,0.03,0.27
24692,0.59,0.76,0.02,0.27
24716,0.59,0.76,0.02,0.27
24740,0.59,0.76,0.01,0.27
24764,0.59,0.76,0.01,0.27
24788,0.59,0.76,-0.00,0.27
24812,0.59,0.76,-0.01,0.27
24836,0.59,0.76,-0.02,0.26
24860,0.59,0.76,-0.02,0.26
24889,0.59,0.76,-0.02,0.26
24913,0.59,0.76,-0.02,0.26
24937,0.59,0.76,-0.03,0.27
24961,0.59,0.76,-0.03,0.27
24985,0.59,0.76,-0.03,0.27
25009,0.59,0.76,-0.03,0.27
25033,0.59,0.77,-0.03,0.26
25057,0.59,0.77,-0.03,0.26
25081,0.58,0.77,-0.03,0.26
25105,0.58,0.77,-0.03,0.25
25129,0.58,0.77,-0.04,0.25
25153,0.58,0.78,-0.04,0.25
25177,0.58,0.78,-0.04,0.25
25201,0.58,0.78,-0.04,0.24
25225,0.57,0.78,-0.04,0.24
25249,0.57,0.78,-0.04,0.24
25273,0.57,0.78,-0.05,0.23
25297,0.58,0.78,-0.04,0.23
25321,0.58,0.78,-0.04,0.23
25349,0.58,0.78,-0.05,0.23
25373,0.58,0.78,-0.04,0.22
25397,0.58,0.78,-0.04,0.22
25421,0.58,0.78,-0.04,0.22
25445,0.58,0.78,-0.04,0.22
25469,0.58,0.79,-0.04,0.21
25493,0.58,0.79,-0.04,0.21
25517,0.58,0.79,-0.05,0.20
25541,0.58,0.79,-0.05,0.19
25565,0.57,0.80,-0.05,0.18
25589,0.57,0.80,-0.06,0.17
25613,0.57,0.80,-0.06,0.17
25637,0.57,0.80,-0.07,0.16
25661,0.57,0.81,-0.08,0.16
25685,0.56,0.81,-0.08,0.15
25709,0.56,0.81,-0.08,0.15
25733,0.56,0.81,-0.09,0.14
25757,0.56,0.81,-0.09,0.14
25786,0.56,0.82,-0.09,0.13
25810,0.55,0.82,-0.09,0.13
25834,0.55,0.82,-0.10,0.12
25858,0.55,0.82,-0.10,0.12
25882,0.55,0.82,-0.10,0.12
25906,0.55,0.82,-0.10,0.12
25930,0.55,0.82,-0.10,0.12
25954,0.56,0.82,-0.10,0.12
25978,0.56,0.81,-0.11,0.12
26002,0.56,0.81,-0.12,0.12
26026,0.56,0.81,-0.12,0.11
26050,0.56,0.81,-0.12,0.11
26074,0.56,0.81,-0.13,0.11
26098,0.56,0.81,-0.13,0.11
26122,0.56,0.81,-0.13,0.11
26146,0.56,0.81,-0.13,0.12
26170,0.57,0.81,-0.13,0.12
26194,0.57,0.81,-0.13,0.12
26222,0.57,0.81,-0.13,0.11
26246,0.57,0.81,-0.13,0.11
26270,0.57,0.81,-0.14,0.10
26294,0.57,0.81,-0.14,0.10
26318,0.57,0.81,-0.14,0.09
26342,0.57,0.81,-0.15,0.09
26366,0.57,0.81,-0.15,0.08
26390,0.57,0.81,-0.15,0.08
26414,0.57,0.81,-0.16,0.07
26438,0.57,0.81,-0.16,0.07
26462,0.57,0.81,-0.16,0.06
26486,0.57,0.81,-0.16,0.05
26510,0.57,0.81,-0.16,0.05
26534,0.57,0.81,-0.16,0.04
26558,0.57,0.80,-0.16,0.04
26582,0.58,0.80,-0.16,0.04
26606,0.58,0.80,-0.15,0.03
26630,0.58,0.80,-0.15,0.03
26654,0.59,0.80,-0.15,0.03
26683,0.59,0.80,-0.14,0.02
26707,0.58,0.80,-0.14,0.01
26731,0.58,0.80,-0.15,0.00
26755,0.59,0.80,-0.15,-0.01
26779,0.59,0.80,-0.15,-0.02
26803,0.59,0.79,-0.16,-0.03
26827,0.59,0.79,-0.16,-0.04
26851,0.59,0.79,-0.17,-0.05
26875,0.59,0.79,-0.17,-0.06
26899,0.59,0.79,-0.17,-0.07
26923,0.59,0.78,-0.18,-0.08
26947,0.59,0.78,-0.18,-0.09
26971,0.59,0.78,-0.18,-0.11
26995,0.59,0.78,-0.18,-0.12
27019,0.59,0.77,-0.19,-0.13
27043,0.59,0.77,-0.19,-0.14
27067,0.59,0.77,-0.19,-0.15
27095,0.59,0.77,-0.19,-0.15
27119,0.59,0.76,-0.19,-0.16
27143,0.60,0.76,-0.20,-0.17
27167,0.60,0.75,-0.20,-0.18
27191,0.61,0.75,-0.20,-0.19
27215,0.61,0.74,-0.20,-0.19
27239,0.62,0.73,-0.20,-0.20
27263,0.62,0.73,-0.21,-0.21
27287,0.62,0.72,-0.21,-0.22
27311,0.62,0.72,-0.21,-0.22
27335,0.63,0.72,-0.21,-0.23
27359,0.63,0.71,-0.21,-0.23
27383,0.63,0.71,-0.21,-0.24
27407,0.63,0.71,-0.21,-0.24
27431,0.63,0.70,-0.21,-0.24
27455,0.64,0.70,-0.21,-0.24
27479,0.64,0.70,-0.20,-0.25
27503,0.64,0.70,-0.20,-0.26
27532,0.64,0.70,-0.20,-0.27
27556,0.64,0.69,-0.20,-0.27
27580,0.64,0.69,-0.21,-0.28
27604,0.64,0.69,-0.21,-0.28
27628,0.63,0.69,-0.21,-0.29
27652,0.63,0.68,-0.21,-0.29
27676,0.63,0.68,-0.21,-0.30
27700,0.63,0.68,-0.21,-0.31
27724,0.63,0.67,-0.21,-0.31
27748,0.64,0.67,-0.21,-0.32
27772,0.64,0.67,-0.21,-0.33
27796,0.64,0.66,-0.20,-0.33
27820,0.64,0.66,-0.20,-0.34
27844,0.64,0.66,-0.20,-0.34
27868,0.65,0.65,-0.19,-0.35
27892,0.64,0.65,-0.19,-0.36
27916,0.64,0.65,-0.18,-0.36
27940,0.64,0.65,-0.18,-0.37
27968,0.64,0.65,-0.18,-0.37
27992,0.64,0.65,-0.18,-0.38
28016,0.64,0.64,-0.18,-0.39
28040,0.64,0.64,-0.18,-0.39
28064,0.63,0.64,-0.19,-0.40
28088,0.63,0.63,-0.19,-0.41
28112,0.63,0.63,-0.19,-0.41
28136,0.63,0.63,-0.19,-0.41
28160,0.63,0.63,-0.19,-0.41
28184,0.62,0.63,-0.20,-0.42
28208,0.62,0.63,-0.20,-0.42
28232,0.62,0.63,-0.20,-0.43
28256,0.62,0.63,-0.20,-0.43
28280,0.61,0.63,-0.20,-0.44
28304,0.61,0.62,-0.20,-0.44
28328,0.61,0.62,-0.20,-0.45
28352,0.61,0.62,-0.20,-0.45
28381,0.61,0.62,-0.20,-0.45
28405,0.61,0.62,-0.21,-0.46
28429,0.61,0.61,-0.21,-0.46
28453,0.61,0.61,-0.21,-0.46
28477,0.61,0.60,-0.21,-0.47
28501,0.62,0.60,-0.21,-0.47
28525,0.62,0.59,-0.22,-0.47
28549,0.62,0.59,-0.22,-0.47
28573,0.62,0.59,-0.22,-0.47
28597,0.62,0.59,-0.22,-0.47
28621,0.62,0.59,-0.22,-0.47
28645,0.62,0.59,-0.22,-0.47
28669,0.62,0.59,-0.22,-0.46
28693,0.62,0.60,-0.22,-0.46
28717,0.62,0.60,-0.22,-0.46
28741,0.62,0.60,-0.22,-0.46
28765,0.62,0.60,-0.22,-0.46
28789,0.61,0.60,-0.22,-0.46
28817,0.61,0.60,-0.22,-0.47
28841,0.61,0.60,-0.22,-0.47
28865,0.61,0.60,-0.22,-0.47
28889,0.61,0.60,-0.22,-0.47
28913,0.61,0.60,-0.22,-0.47
28937,0.61,0.60,-0.22,-0.47
28961,0.61,0.60,-0.22,-0.47
28985,0.60,0.60,-0.22,-0.47
29009,0.60,0.60,-0.22,-0.47
29033,0.60,0.60,-0.22,-0.47
29057,0.60,0.60,-0.22,-0.47
29081,0.60,0.61,-0.22,-0.47
29105,0.60,0.61,-0.21,-0.48
29129,0.60,0.61,-0.20,-0.48
29153,0.60,0.61,-0.20,-0.48
29177,0.60,0.61,-0.19,-0.48
29201,0.60,0.61,-0.19,-0.48
29225,0.59,0.61,-0.19,-0.48
29254,0.59,0.61,-0.19,-0.49
29278,0.59,0.61,-0.19,-0.49
29302,0.59,0.61,-0.19,-0.49
29326,0.59,0.61,-0.19,-0.49
29350,0.59,0.61,-0.20,-0.50
29374,0.58,0.61,-0.20,-0.50
29398,0.58,0.61,-0.20,-0.50
29422,0.58,0.61,-0.20,-0.50
29446,0.58,0.61,-0.20,-0.50
29470,0.58,0.61,-0.20,-0.50
29494,0.57,0.62,-0.20,-0.50
29518,0.57,0.62,-0.20,-0.50
29542,0.57,0.62,-0.20,-0.50
29566,0.57,0.62,-0.20,-0.50
29590,0.57,0.62,-0.20,-0.50
29614,0.57,0.62,-0.19,-0.50
29638,0.58,0.62,-0.19,-0.50
29666,0.58,0.62,-0.19,-0.50
29690,0.58,0.62,-0.19,-0.50
29714,0.59,0.61,-0.19,-0.50
29738,0.59,0.61,-0.19,-0.50
29762,0.59,0.60,-0.19,-0.50
29786,0.60,0.60,-0.19,-0.50
29810,0.60,0.60,-0.19,-0.49
29834,0.60,0.61,-0.18,-0.49
29858,0.60,0.61,-0.18,-0.48
29882,0.60,0.61,-0.18,-0.48
29906,0.61,0.62,-0.17,-0.47
29930,0.61,0.62,-0.17,-0.47
29954,0.61,0.62,-0.17,-0.47
29978,0.61,0.62,-0.16,-0.47
30002,0.60,0.63,-0.16,-0.47
30026,0.60,0.63,-0.16,-0.47
30050,0.60,0.63,-0.16,-0.47
30074,0.60,0.63,-0.16,-0.47
30103,0.60,0.63,-0.15,-0.46
30127,0.60,0.63,-0.15,-0.46
30151,0.60,0.63,-0.15,-0.46
30175,0.60,0.63,-0.15,-0.46
30199,0.60,0.63,-0.15,-0.46
30223,0.60,0.63,-0.15,-0.47
30247,0.60,0.63,-0.15,-0.47
30271,0.60,0.63,-0.15,-0.47
30295,0.61,0.62,-0.15,-0.47
30319,0.61,0.62,-0.15,-0.47
30343,0.61,0.62,-0.14,-0.47
30367,0.61,0.62,-0.14,-0.47
30391,0.60,0.62,-0.14,-0.48
30415,0.60,0.62,-0.15,-0.48
30439,0.60,0.61,-0.15,-0.49
30463,0.60,0.61,-0.15,-0.49
30487,0.60,0.61,-0.16,-0.50
30511,0.60,0.60,-0.16,-0.50
30539,0.60,0.60,-0.16,-0.51
30563,0.60,0.60,-0.16,-0.51
30587,0.60,0.59,-0.16,-0.51
30611,0.60,0.59,-0.16,-0.52
30635,0.59,0.59,-0.16,-0.52
30659,0.59,0.59,-0.17,-0.53
30683,0.59,0.59,-0.17,-0.53
30707,0.59,0.58,-0.17,-0.53
30731,0.59,0.58,-0.17,-0.53
30755,0.58,0.58,-0.17,-0.54
30779,0.58,0.58,-0.17,-0.54
30803,0.58,0.58,-0.17,-0.54
30827,0.59,0.58,-0.17,-0.54
30851,0.59,0.58,-0.17,-0.54
30875,0.59,0.57,-0.17,-0.54
30899,0.59,0.57,-0.17,-0.54
30923,0.59,0.57,-0.18,-0.54
30952,0.59,0.56,-0.18,-0.54
30976,0.59,0.56,-0.19,-0.54
31000,0.59,0.56,-0.19,-0.54
31024,0.59,0.57,-0.19,-0.54
31048,0.59,0.57,-0.19,-0.54
31072,0.59,0.57,-0.19,-0.54
31096,0.59,0.57,-0.19,-0.53
31120,0.59,0.58,-0.19,-0.53
31144,0.59,0.59,-0.18,-0.52
31168,0.59,0.59,-0.18,-0.52
31192,0.59,0.59,-0.18,-0.52
31216,0.58,0.60,-0.18,-0.52
31240,0.58,0.60,-0.18,-0.52
31264,0.58,0.60,-0.18,-0.51
31288,0.59,0.61,-0.18,-0.51
31312,0.59,0.61,-0.18,-0.50
31336,0.59,0.62,-0.17,-0.50
31360,0.59,0.62,-0.17,-0.50
31388,0.59,0.62,-0.17,-0.49
31412,0.59,0.62,-0.16,-0.49
31436,0.59,0.62,-0.15,-0.49
31460,0.59,0.62,-0.15,-0.49
31484,0.60,0.62,-0.14,-0.49
31508,0.60,0.63,-0.13,-0.48
31532,0.60,0.63,-0.12,-0.48
31556,0.60,0.63,-0.11,-0.48
31580,0.60,0.63,-0.10,-0.48
31604,0.60,0.63,-0.10,-0.48
31628,0.60,0.64,-0.10,-0.48
31652,0.60,0.64,-0.09,-0.47
31676,0.60,0.64,-0.09,-0.47
31700,0.60,0.64,-0.08,-0.46
31724,0.60,0.65,-0.08,-0.46
31748,0.60,0.65,-0.07,-0.45
31772,0.60,0.66,-0.07,-0.44
31796,0.61,0.66,-0.06,-0.44
31825,0.61,0.67,-0.05,-0.43
31849,0.61,0.67,-0.05,-0.43
31873,0.61,0.67,-0.04,-0.42
31897,0.61,0.68,-0.03,-0.41
31921,0.61,0.68,-0.03,-0.41
31945,0.61,0.69,-0.02,-0.40
31969,0.61,0.69,-0.01,-0.38
31993,0.61,0.70,0.01,-0.37
32017,0.62,0.70,0.02,-0.36
32041,0.62,0.70,0.03,-0.35
32065,0.62,0.71,0.04,-0.33
32089,0.62,0.71,0.05,-0.32
32113,0.62,0.72,0.06,-0.31
32137,0.62,0.72,0.07,-0.30
32161,0.62,0.72,0.08,-0.28
32185,0.62,0.73,0.08,-0.27
32209,0.62,0.73,0.09,-0.26
32233,0.62,0.74,0.09,-0.25
32261,0.62,0.75,0.10,-0.23
32285,0.61,0.75,0.10,-0.22
32309,0.61,0.76,0.11,-0.21
32333,0.60,0.76,0.11,-0.20
32357,0.60,0.77,0.11,-0.18
32381,0.60,0.78,0.12,-0.17
32405,0.59,0.78,0.12,-0.16
32429,0.59,0.78,0.13,-0.15
32453,0.59,0.79,0.13,-0.14
32477,0.58,0.79,0.13,-0.13
32501,0.58,0.79,0.14,-0.12
32525,0.58,0.79,0.14,-0.11
32549,0.58,0.80,0.15,-0.10
32573,0.58,0.80,0.15,-0.09
32597,0.58,0.80,0.16,-0.08
32621,0.57,0.80,0.16,-0.08
32645,0.57,0.80,0.16,-0.07
32669,0.57,0.80,0.17,-0.06
32698,0.57,0.80,0.17,-0.06
32722,0.56,0.81,0.17,-0.05
32746,0.56,0.81,0.17,-0.05
32770,0.55,0.82,0.18,-0.05
32794,0.54,0.82,0.18,-0.04
32818,0.53,0.83,0.18,-0.04
32842,0.52,0.83,0.18,-0.03
32866,0.52,0.84,0.19,-0.03
32890,0.51,0.84,0.19,-0.03
32914,0.50,0.84,0.19,-0.03
32938,0.50,0.85,0.19,-0.03
32962,0.49,0.85,0.19,-0.03
32986,0.49,0.85,0.19,-0.03
33010,0.48,0.85,0.19,-0.02
33034,0.48,0.86,0.19,-0.02
33058,0.47,0.86,0.19,-0.02
33082,0.46,0.87,0.19,-0.02
33106,0.46,0.87,0.19,-0.02
33134,0.45,0.87,0.20,-0.02
33158,0.44,0.87,0.20,-0.02
33182,0.44,0.88,0.20,-0.02
33206,0.43,0.88,0.20,-0.02
33230,0.43,0.88,0.20,-0.01
33254,0.43,0.88,0.20,-0.01
33278,0.42,0.88,0.20,-0.01
33302,0.42,0.88,0.21,-0.01
33326,0.42,0.89,0.21,-0.01
33350,0.42,0.89,0.21,-0.00
33374,0.41,0.89,0.21,0.00
33398,0.41,0.89,0.22,0.01
33422,0.41,0.88,0.22,0.01
33446,0.41,0.88,0.22,0.02
33470,0.41,0.88,0.22,0.02
33494,0.41,0.88,0.23,0.03
33518,0.42,0.88,0.23,0.04
33542,0.42,0.87,0.23,0.04
33566,0.43,0.87,0.24,0.05
33595,0.43,0.87,0.24,0.06
33619,0.44,0.86,0.24,0.07
33643,0.44,0.86,0.25,0.08
33667,0.45,0.86,0.25,0.08
33691,0.45,0.85,0.25,0.09
33715,0.46,0.85,0.25,0.10
33739,0.47,0.84,0.25,0.11
33763,0.48,0.83,0.25,0.12
33787,0.48,0.83,0.26,0.13
33811,0.49,0.82,0.26,0.13
33835,0.50,0.82,0.26,0.14
33859,0.50,0.81,0.26,0.15
33883,0.51,0.81,0.26,0.16
33907,0.52,0.80,0.26,0.17
33931,0.52,0.79,0.26,0.17
33955,0.53,0.79,0.26,0.18
33979,0.53,0.78,0.26,0.19
34003,0.54,0.78,0.26,0.20
34027,0.54,0.77,0.27,0.20
34055,0.55,0.77,0.27,0.21
34079,0.55,0.76,0.27,0.22
34103,0.55,0.76,0.27,0.22
34127,0.56,0.75,0.27,0.23
34151,0.56,0.75,0.27,0.23
34175,0.56,0.74,0.27,0.24
34199,0.57,0.74,0.28,0.24
34223,0.57,0.73,0.28,0.25
34247,0.57,0.73,0.28,0.26
34271,0.57,0.73,0.28,0.26
34295,0.57,0.72,0.28,0.27
34319,0.57,0.72,0.29,0.27
34343,0.57,0.71,0.29,0.28
34367,0.58,0.71,0.29,0.28
34391,0.58,0.71,0.29,0.29
34415,0.58,0.70,0.29,0.29
34439,0.58,0.70,0.30,0.30
34463,0.58,0.70,0.30,0.30
34487,0.58,0.69,0.30,0.31
34516,0.58,0.69,0.30,0.31
34540,0.58,0.69,0.30,0.32
34564,0.58,0.68,0.31,0.32
34588,0.58,0.68,0.31,0.32
34612,0.58,0.68,0.31,0.33
34636,0.58,0.68,0.31,0.33
34660,0.58,0.67,0.31,0.34
34684,0.58,0.67,0.32,0.34
34708,0.58,0.67,0.32,0.34
34732,0.58,0.67,0.32,0.34
34756,0.58,0.67,0.32,0.35
34780,0.58,0.66,0.32,0.35
34804,0.58,0.66,0.32,0.35
34828,0.58,0.66,0.32,0.36
34852,0.58,0.66,0.32,0.36
34876,0.58,0.66,0.33,0.36
34900,0.58,0.65,0.33,0.36
34924,0.58,0.65,0.33,0.37
34948,0.58,0.65,0.33,0.37
34976,0.57,0.65,0.33,0.37
35000,0.57,0.65,0.33,0.38
35024,0.57,0.64,0.33,0.38
35048,0.57,0.64,0.34,0.38
35072,0.57,0.64,0.34,0.38
35096,0.57,0.64,0.34,0.39
35120,0.57,0.64,0.34,0.39
35144,0.57,0.64,0.35,0.39
35168,0.57,0.64,0.35,0.39
35192,0.57,0.63,0.35,0.39
35216,0.57,0.63,0.35,0.40
35240,0.56,0.63,0.35,0.40
35264,0.56,0.63,0.35,0.40
35288,0.56,0.63,0.35,0.40
35312,0.56,0.63,0.36,0.40
35336,0.56,0.63,0.36,0.41
35360,0.56,0.63,0.36,0.41
35384,0.56,0.62,0.36,0.41
35408,0.56,0.62,0.36,0.41
35437,0.55,0.62,0.37,0.41
35461,0.55,0.62,0.37,0.41
35485,0.55,0.62,0.37,0.42
35509,0.55,0.62,0.37,0.42
35533,0.55,0.62,0.37,0.42
35557,0.55,0.62,0.37,0.42
35581,0.55,0.62,0.38,0.42
35605,0.55,0.61,0.38,0.43
35629,0.54,0.61,0.38,0.43
35653,0.54,0.61,0.38,0.43
35677,0.54,0.61,0.38,0.43
35701,0.54,0.61,0.38,0.43
35725,0.54,0.61,0.39,0.44
35749,0.54,0.61,0.39,0.44
35773,0.54,0.61,0.39,0.44
35797,0.54,0.60,0.39,0.44
35821,0.54,0.60,0.39,0.44
35845,0.53,0.60,0.39,0.44
35873,0.53,0.60,0.39,0.45
35897,0.53,0.60,0.40,0.45
35921,0.53,0.60,0.40,0.45
35945,0.53,0.60,0.40,0.45
35969,0.53,0.60,0.40,0.45
35993,0.53,0.60,0.40,0.45
36017,0.53,0.59,0.40,0.46
36041,0.53,0.59,0.40,0.46
36065,0.52,0.59,0.41,0.46
36089,0.52,0.59,0.41,0.46
36113,0.52,0.59,0.41,0.46
36137,0.52,0.59,0.41,0.46
36161,0.52,0.59,0.41,0.46
36185,0.52,0.59,0.41,0.47
36209,0.52,0.59,0.41,0.47
36233,0.52,0.58,0.41,0.47
36257,0.51,0.58,0.42,0.47
36281,0.51,0.58,0.42,0.47
36305,0.51,0.58,0.42,0.47
36334,0.51,0.58,0.42,0.47
36358,0.51,0.58,0.42,0.47
36382,0.51,0.58,0.42,0.48
36406,0.51,0.58,0.42,0.48
36430,0.50,0.58,0.42,0.48
36454,0.50,0.58,0.43,0.48
36478,0.50,0.58,0.43,0.48
36502,0.50,0.58,0.43,0.48
36526,0.50,0.58,0.43,0.48
36550,0.49,0.58,0.43,0.48
36574,0.49,0.58,0.44,0.48
36598,0.49,0.58,0.44,0.48
36622,0.49,0.58,0.44,0.48
36646,0.48,0.59,0.44,0.48
36670,0.48,0.59,0.45,0.48
36694,0.48,0.59,0.45,0.47
36718,0.47,0.59,0.45,0.47
36742,0.47,0.59,0.45,0.47
36766,0.46,0.60,0.46,0.47
36794,0.46,0.60,0.46,0.47
36818,0.45,0.60,0.47,0.46
36842,0.45,0.60,0.47,0.46
36866,0.44,0.61,0.48,0.46
36890,0.44,0.61,0.48,0.46
36914,0.43,0.61,0.48,0.45
36938,0.43,0.61,0.49,0.45
36962,0.42,0.62,0.49,0.45
36986,0.41,0.62,0.50,0.44
37010,0.40,0.63,0.50,0.44
37034,0.40,0.63,0.51,0.43
37058,0.39,0.64,0.51,0.43
37082,0.38,0.64,0.51,0.43
37106,0.37,0.64,0.52,0.42
37130,0.36,0.65,0.52,0.42
37154,0.35,0.65,0.53,0.41
37178,0.34,0.66,0.53,0.41
37202,0.33,0.66,0.54,0.41
37226,0.32,0.66,0.54,0.40
37255,0.31,0.67,0.55,0.40
37279,0.31,0.67,0.55,0.39
37303,0.30,0.67,0.55,0.39
37327,0.30,0.67,0.56,0.39
37351,0.29,0.67,0.56,0.39
37375,0.29,0.67,0.56,0.39
37399,0.29,0.67,0.56,0.39
37423,0.29,0.67,0.56,0.39
37447,0.29,0.67,0.56,0.39
37471,0.29,0.67,0.56,0.39
37495,0.29,0.67,0.56,0.40
37519,0.29,0.67,0.56,0.40
37543,0.29,0.66,0.56,0.40
37567,0.29,0.66,0.56,0.41
37591,0.29,0.66,0.56,0.41
37615,0.29,0.65,0.56,0.42
37639,0.29,0.65,0.56,0.42
37663,0.30,0.64,0.56,0.43
37687,0.30,0.64,0.56,0.43
37715,0.30,0.64,0.55,0.44
37739,0.30,0.63,0.55,0.45
37763,0.30,0.63,0.55,0.46
37787,0.30,0.62,0.55,0.47
37811,0.30,0.61,0.55,0.48
37835,0.31,0.60,0.55,0.48
37859,0.31,0.60,0.55,0.49
37883,0.32,0.59,0.55,0.50
37907,0.32,0.58,0.55,0.51
37931,0.33,0.58,0.54,0.51
37955,0.33,0.57,0.54,0.52
37979,0.34,0.56,0.54,0.53
38003,0.35,0.55,0.54,0.53
38027,0.35,0.54,0.54,0.54
38051,0.36,0.54,0.53,0.55
38075,0.37,0.53,0.53,0.55
38099,0.37,0.53,0.53,0.55
38123,0.38,0.52,0.53,0.55
38147,0.38,0.52,0.53,0.55
38176,0.39,0.51,0.53,0.56
38200,0.40,0.51,0.52,0.56
38224,0.40,0.51,0.52,0.56
38248,0.41,0.50,0.52,0.55
38272,0.41,0.50,0.52,0.55
38296,0.42,0.50,0.52,0.55
38320,0.42,0.50,0.52,0.55
38344,0.43,0.50,0.51,0.55
38368,0.43,0.50,0.51,0.55
38392,0.44,0.50,0.51,0.55
38416,0.44,0.50,0.51,0.55
38440,0.44,0.50,0.51,0.55
38464,0.45,0.50,0.51,0.54
38488,0.45,0.50,0.50,0.54
38512,0.45,0.50,0.50,0.54
38536,0.45,0.50,0.50,0.54
38560,0.45,0.50,0.50,0.54
38584,0.45,0.51,0.50,0.54
38608,0.45,0.51,0.50,0.54
38636,0.45,0.51,0.50,0.54
38660,0.45,0.51,0.50,0.53
38684,0.45,0.51,0.50,0.54
38708,0.45,0.51,0.50,0.54
38732,0.45,0.51,0.49,0.54
38756,0.45,0.51,0.49,0.54
38780,0.45,0.52,0.49,0.54
38804,0.45,0.52,0.48,0.55
38828,0.45,0.52,0.47,0.55
38852,0.46,0.52,0.46,0.55
38876,0.46,0.53,0.46,0.55
38900,0.46,0.53,0.45,0.55
38924,0.46,0.53,0.45,0.55
38948,0.47,0.53,0.44,0.55
38972,0.47,0.53,0.44,0.56
38996,0.47,0.53,0.43,0.56
39020,0.47,0.53,0.43,0.56
39044,0.47,0.53,0.43,0.56
39068,0.47,0.53,0.42,0.56
39097,0.48,0.54,0.42,0.55
39121,0.48,0.54,0.42,0.55
39145,0.48,0.54,0.42,0.55
39169,0.48,0.54,0.42,0.55
39193,0.49,0.55,0.41,0.54
39217,0.49,0.55,0.41,0.54
39241,0.49,0.55,0.41,0.54
39265,0.49,0.56,0.41,0.54
39289,0.49,0.56,0.41,0.53
39313,0.49,0.56,0.40,0.53
39337,0.50,0.56,0.40,0.52
39361,0.50,0.57,0.40,0.52
39385,0.50,0.57,0.40,0.51
39409,0.50,0.57,0.40,0.51
39433,0.51,0.57,0.40,0.51
39457,0.51,0.57,0.40,0.50
39481,0.52,0.57,0.40,0.50
39505,0.52,0.57,0.40,0.50
39529,0.53,0.56,0.40,0.49
39557,0.53,0.56,0.40,0.49
39581,0.54,0.56,0.40,0.49
39605,0.54,0.55,0.40,0.49
39629,0.55,0.55,0.40,0.48
39653,0.55,0.55,0.40,0.48
39677,0.55,0.55,0.40,0.48
39701,0.56,0.55,0.40,0.47
39725,0.56,0.55,0.40,0.47
39749,0.56,0.56,0.40,0.46
39773,0.57,0.56,0.40,0.46
39797,0.57,0.56,0.40,0.45
39821,0.57,0.56,0.39,0.45
39845,0.57,0.56,0.39,0.45
39869,0.57,0.57,0.39,0.45
39893,0.57,0.57,0.39,0.44
39917,0.57,0.57,0.39,0.44
39941,0.58,0.57,0.39,0.44
39965,0.58,0.57,0.39,0.43
39989,0.58,0.57,0.39,0.43
40018,0.58,0.57,0.39,0.43
40042,0.58,0.57,0.39,0.42
40066,0.58,0.57,0.39,0.42
40090,0.58,0.58,0.39,0.42
40114,0.58,0.58,0.39,0.42
40138,0.59,0.57,0.39,0.42
40162,0.59,0.57,0.39,0.42
40186,0.59,0.57,0.39,0.42
40210,0.59,0.57,0.38,0.42
40234,0.60,0.57,0.38,0.42
40258,0.60,0.57,0.37,0.42
40282,0.60,0.57,0.37,0.42
40306,0.60,0.57,0.37,0.42
40330,0.61,0.57,0.36,0.42
40354,0.61,0.57,0.36,0.42
40378,0.61,0.57,0.36,0.42
40402,0.61,0.57,0.36,0.42
40426,0.61,0.56,0.36,0.41
40450,0.62,0.56,0.37,0.41
40478,0.62,0.56,0.37,0.41
40502,0.62,0.56,0.37,0.41
40526,0.62,0.56,0.37,0.40
40550,0.63,0.56,0.37,0.39
40574,0.63,0.56,0.37,0.39
40598,0.63,0.57,0.36,0.38
40622,0.63,0.57,0.36,0.38
40646,0.64,0.57,0.36,0.38
40670,0.64,0.57,0.36,0.37
40694,0.64,0.57,0.36,0.37
40718,0.64,0.57,0.36,0.36
40742,0.64,0.58,0.36,0.36
40766,0.64,0.58,0.36,0.35
40790,0.65,0.58,0.36,0.35
40814,0.65,0.58,0.36,0.34
40838,0.65,0.58,0.36,0.34
40862,0.65,0.58,0.36,0.33
40886,0.66,0.58,0.36,0.33
40910,0.66,0.57,0.36,0.32
40939,0.67,0.57,0.36,0.31
40963,0.68,0.57,0.36,0.31
40987,0.68,0.57,0.36,0.30
41011,0.68,0.57,0.36,0.29
41035,0.68,0.57,0.36,0.28
41059,0.69,0.57,0.36,0.27
41083,0.69,0.58,0.35,0.26
41107,0.70,0.58,0.35,0.25
41131,0.70,0.58,0.34,0.24
41155,0.70,0.58,0.33,0.23
41179,0.71,0.59,0.33,0.22
41203,0.71,0.59,0.32,0.21
41227,0.71,0.59,0.32,0.20
41251,0.71,0.60,0.31,0.19
41275,0.72,0.60,0.31,0.19
41299,0.72,0.60,0.30,0.18
41323,0.72,0.60,0.30,0.17
41347,0.73,0.60,0.29,0.16
41371,0.73,0.61,0.28,0.15
41399,0.73,0.61,0.28,0.14
41423,0.73,0.61,0.27,0.13
41447,0.73,0.61,0.26,0.12
41471,0.74,0.62,0.26,0.12
41495,0.74,0.62,0.25,0.11
41519,0.74,0.62,0.24,0.11
41543,0.74,0.62,0.24,0.10
41567,0.75,0.62,0.23,0.10
41591,0.75,0.62,0.22,0.10
41615,0.75,0.62,0.21,0.10
41639,0.76,0.61,0.20,0.10
41663,0.76,0.61,0.19,0.10
41687,0.76,0.61,0.18,0.10
41711,0.77,0.61,0.18,0.10
41735,0.77,0.61,0.17,0.10
41759,0.77,0.61,0.16,0.10
41783,0.77,0.61,0.15,0.09
41807,0.78,0.61,0.15,0.09
41831,0.78,0.61,0.14,0.09
41860,0.78,0.61,0.13,0.09
41884,0.78,0.61,0.12,0.09
41908,0.78,0.61,0.11,0.08
41932,0.78,0.61,0.10,0.08
41956,0.78,0.61,0.09,0.07
41980,0.78,0.61,0.07,0.06
42004,0.79,0.61,0.06,0.06
42028,0.79,0.61,0.04,0.05
42052,0.79,0.62,0.03,0.05
42076,0.79,0.62,0.01,0.04
42100,0.78,0.62,-0.00,0.04
42124,0.78,0.62,-0.02,0.03
42148,0.78,0.62,-0.03,0.03
42172,0.78,0.62,-0.05,0.02
42196,0.78,0.62,-0.06,0.02
42220,0.78,0.62,-0.07,0.01
42244,0.78,0.62,-0.08,0.01
42268,0.78,0.62,-0.09,0.00
42292,0.78,0.62,-0.10,-0.00
42320,0.78,0.62,-0.11,-0.01
42344,0.78,0.61,-0.12,-0.02
42368,0.78,0.61,-0.13,-0.02
42392,0.78,0.61,-0.13,-0.03
42416,0.79,0.60,-0.14,-0.04
42440,0.78,0.60,-0.14,-0.05
42464,0.78,0.60,-0.15,-0.06
42488,0.78,0.61,-0.16,-0.07
42512,0.77,0.61,-0.17,-0.08
42536,0.77,0.61,-0.18,-0.08
42560,0.77,0.61,-0.20,-0.09
42584,0.76,0.60,-0.21,-0.10
42608,0.76,0.60,-0.23,-0.10
42632,0.76,0.60,-0.24,-0.11
42656,0.75,0.60,-0.25,-0.11
42680,0.75,0.60,-0.26,-0.12
42704,0.74,0.60,-0.27,-0.13
42733,0.74,0.59,-0.28,-0.13
42757,0.74,0.59,-0.29,-0.14
42781,0.73,0.59,-0.30,-0.15
42805,0.73,0.59,-0.32,-0.15
42829,0.73,0.58,-0.33,-0.16
42853,0.72,0.58,-0.34,-0.16
42877,0.72,0.58,-0.35,-0.16
42901,0.72,0.58,-0.36,-0.17
42925,0.71,0.57,-0.36,-0.17
42949,0.71,0.57,-0.37,-0.17
42973,0.71,0.57,-0.38,-0.17
42997,0.71,0.57,-0.38,-0.17
43021,0.71,0.56,-0.39,-0.17
43045,0.71,0.56,-0.40,-0.17
43069,0.71,0.55,-0.40,-0.17
43093,0.71,0.55,-0.41,-0.17
43117,0.71,0.55,-0.41,-0.17
43141,0.70,0.55,-0.41,-0.17
43169,0.70,0.55,-0.41,-0.17
43193,0.70,0.55,-0.41,-0.17
43217,0.70,0.56,-0.41,-0.16
43241,0.70,0.56,-0.41,-0.16
43265,0.70,0.56,-0.41,-0.17
43289,0.70,0.56,-0.42,-0.17
43313,0.69,0.56,-0.42,-0.17
43337,0.69,0.56,-0.42,-0.17
43361,0.69,0.56,-0.43,-0.17
43385,0.69,0.56,-0.43,-0.17
43409,0.68,0.56,-0.43,-0.17
43433,0.68,0.56,-0.43,-0.17
43457,0.68,0.57,-0.44,-0.17
43481,0.68,0.57,-0.44,-0.17
43505,0.67,0.57,-0.44,-0.18
43529,0.67,0.57,-0.44,-0.18
43553,0.67,0.56,-0.44,-0.18
43577,0.68,0.56,-0.43,-0.19
43606,0.68,0.56,-0.43,-0.19
43630,0.68,0.57,-0.42,-0.19
43654,0.68,0.57,-0.42,-0.19
43678,0.68,0.57,-0.41,-0.19
43702,0.68,0.57,-0.41,-0.19
43726,0.68,0.57,-0.41,-0.19
43750,0.68,0.57,-0.41,-0.20
43774,0.68,0.57,-0.42,-0.20
43798,0.67,0.57,-0.42,-0.21
43822,0.67,0.57,-0.42,-0.21
43846,0.67,0.57,-0.43,-0.21
43870,0.66,0.57,-0.43,-0.21
43894,0.66,0.57,-0.44,-0.21
43918,0.66,0.57,-0.44,-0.21
43942,0.65,0.57,-0.44,-0.22
43966,0.65,0.57,-0.45,-0.22
43990,0.65,0.57,-0.45,-0.22
44018,0.64,0.58,-0.45,-0.22
44042,0.64,0.58,-0.46,-0.22
44066,0.64,0.58,-0.46,-0.22
44090,0.63,0.58,-0.46,-0.22
44114,0.63,0.58,-0.46,-0.22
44138,0.63,0.58,-0.46,-0.22
44162,0.63,0.58,-0.46,-0.22
44186,0.64,0.58,-0.46,-0.22
44210,0.64,0.57,-0.46,-0.22
44234,0.64,0.57,-0.46,-0.23
44258,0.64,0.57,-0.46,-0.23
44282,0.65,0.56,-0.46,-0.23
44306,0.65,0.56,-0.47,-0.23
44330,0.65,0.55,-0.47,-0.22
44354,0.65,0.55,-0.47,-0.22
44378,0.65,0.56,-0.47,-0.21
44402,0.65,0.56,-0.47,-0.21
44426,0.66,0.56,-0.46,-0.20
44455,0.66,0.56,-0.46,-0.20
44479,0.66,0.56,-0.46,-0.19
44503,0.66,0.56,-0.46,-0.19
44527,0.66,0.57,-0.46,-0.19
44551,0.66,0.57,-0.46,-0.19
44575,0.66,0.57,-0.46,-0.19
44599,0.66,0.57,-0.46,-0.19
44623,0.66,0.56,-0.46,-0.19
44647,0.66,0.56,-0.46,-0.18
44671,0.66,0.56,-0.46,-0.18
44695,0.66,0.57,-0.46,-0.18
44719,0.66,0.57,-0.46,-0.18
44743,0.66,0.57,-0.46,-0.18
44767,0.66,0.57,-0.46,-0.18
44791,0.66,0.57,-0.45,-0.18
44815,0.66,0.57,-0.45,-0.18
44839,0.66,0.57,-0.45,-0.18
44863,0.66,0.57,-0.45,-0.18
44891,0.66,0.57,-0.45,-0.18
44915,0.67,0.57,-0.44,-0.18
44939,0.67,0.57,-0.43,-0.19
44963,0.67,0.58,-0.43,-0.19
44987,0.67,0.58,-0.42,-0.19
45011,0.67,0.58,-0.42,-0.19
45035,0.67,0.59,-0.42,-0.18
45059,0.67,0.59,-0.41,-0.18
45083,0.67,0.59,-0.41,-0.18
45107,0.67,0.59,-0.41,-0.18
45131,0.67,0.59,-0.41,-0.18
45155,0.67,0.60,-0.40,-0.18
45179,0.67,0.60,-0.40,-0.17
45203,0.67,0.60,-0.40,-0.16
45227,0.67,0.60,-0.40,-0.16
45251,0.68,0.61,-0.39,-0.15
45275,0.68,0.61,-0.39,-0.15
45304,0.68,0.61,-0.39,-0.15
45328,0.68,0.61,-0.38,-0.15
45352,0.68,0.61,-0.38,-0.15
45376,0.68,0.61,-0.38,-0.15
45400,0.68,0.62,-0.38,-0.14
45424,0.67,0.62,-0.38,-0.14
45448,0.68,0.62,-0.38,-0.14
45472,0.68,0.62,-0.37,-0.14
45496,0.68,0.62,-0.37,-0.14
45520,0.68,0.61,-0.37,-0.14
45544,0.69,0.61,-0.37,-0.14
45568,0.69,0.60,-0.37,-0.14
45592,0.69,0.60,-0.38,-0.14
45616,0.70,0.59,-0.38,-0.13
45640,0.70,0.59,-0.38,-0.13
45664,0.70,0.58,-0.38,-0.13
45688,0.71,0.58,-0.39,-0.12
45712,0.71,0.58,-0.39,-0.12
45740,0.71,0.58,-0.39,-0.11
45764,0.71,0.58,-0.38,-0.11
45788,0.71,0.58,-0.38,-0.10
45812,0.71,0.58,-0.38,-0.09
45836,0.72,0.58,-0.37,-0.08
45860,0.72,0.59,-0.37,-0.08
45884,0.72,0.59,-0.37,-0.08
45908,0.71,0.59,-0.37,-0.07
45932,0.71,0.59,-0.37,-0.07
45956,0.71,0.59,-0.37,-0.07
45980,0.71,0.59,-0.37,-0.06
46004,0.71,0.59,-0.37,-0.06
46028,0.72,0.59,-0.37,-0.06
46052,0.72,0.59,-0.37,-0.06
46076,0.72,0.59,-0.37,-0.06
46100,0.72,0.59,-0.37,-0.05
46124,0.71,0.59,-0.37,-0.05
46148,0.71,0.59,-0.37,-0.05
46177,0.72,0.59,-0.37,-0.05
46201,0.72,0.59,-0.37,-0.05
46225,0.72,0.59,-0.37,-0.05
46249,0.72,0.58,-0.36,-0.06
46273,0.73,0.58,-0.36,-0.06
46297,0.73,0.58,-0.35,-0.06
46321,0.73,0.58,-0.35,-0.06
46345,0.73,0.58,-0.34,-0.05
46369,0.73,0.59,-0.34,-0.05
46393,0.74,0.59,-0.33,-0.05
46417,0.74,0.59,-0.33,-0.05
46441,0.74,0.59,-0.33,-0.05
46465,0.73,0.59,-0.33,-0.05
46489,0.73,0.60,-0.32,-0.05
46513,0.73,0.60,-0.32,-0.05
46537,0.73,0.61,-0.32,-0.05
46561,0.73,0.61,-0.31,-0.04
46589,0.73,0.61,-0.31,-0.04
46613,0.73,0.62,-0.30,-0.03
46637,0.73,0.62,-0.29,-0.03
46661,0.73,0.62,-0.28,-0.03
46685,0.73,0.62,-0.28,-0.02
46709,0.73,0.63,-0.27,-0.02
46733,0.73,0.63,-0.26,-0.01
46757,0.73,0.63,-0.25,-0.01
46781,0.73,0.63,-0.24,-0.00
46805,0.73,0.64,-0.23,0.01
46829,0.74,0.64,-0.22,0.02
46853,0.74,0.64,-0.21,0.03
46877,0.74,0.64,-0.20,0.04
46901,0.74,0.64,-0.19,0.05
46925,0.74,0.65,-0.18,0.06
46949,0.74,0.65,-0.17,0.07
46973,0.74,0.65,-0.16,0.08
46997,0.74,0.65,-0.15,0.10
47026,0.74,0.65,-0.14,0.11
47050,0.74,0.65,-0.12,0.12
47074,0.74,0.65,-0.11,0.13
47098,0.74,0.65,-0.10,0.15
47122,0.74,0.65,-0.09,0.16
47146,0.73,0.66,-0.08,0.17
47170,0.73,0.66,-0.07,0.18
47194,0.72,0.66,-0.06,0.19
47218,0.71,0.67,-0.05,0.20
47242,0.71,0.67,-0.05,0.21
47266,0.70,0.68,-0.04,0.22
47290,0.69,0.69,-0.04,0.22
47314,0.68,0.69,-0.04,0.23
47338,0.67,0.70,-0.03,0.24
47362,0.67,0.70,-0.02,0.24
47386,0.66,0.71,-0.02,0.24
47410,0.66,0.71,-0.01,0.24
47434,0.65,0.72,0.00,0.24
47462,0.64,0.73,0.01,0.24
47486,0.64,0.73,0.01,0.24
47510,0.63,0.74,0.02,0.24
47534,0.63,0.74,0.03,0.24
47558,0.62,0.74,0.03,0.24
47582,0.62,0.75,0.04,0.24
47606,0.61,0.76,0.04,0.23
47630,0.60,0.76,0.05,0.23
47654,0.60,0.77,0.06,0.23
47678,0.59,0.78,0.07,0.22
47702,0.58,0.78,0.07,0.22
47726,0.57,0.79,0.08,0.21
47750,0.56,0.80,0.09,0.21
47774,0.55,0.80,0.09,0.20
47798,0.54,0.81,0.10,0.20
47822,0.54,0.81,0.11,0.20
47846,0.53,0.82,0.12,0.19
47870,0.53,0.82,0.12,0.19
47894,0.52,0.82,0.13,0.19
47923,0.51,0.83,0.14,0.19
47947,0.50,0.83,0.16,0.19
47971,0.50,0.83,0.17,0.19
47995,0.49,0.83,0.18,0.19
48019,0.49,0.83,0.19,0.19
48043,0.49,0.83,0.20,0.18
48067,0.48,0.83,0.21,0.18
48091,0.49,0.83,0.22,0.18
48115,0.49,0.82,0.23,0.17
48139,0.49,0.82,0.23,0.17
48163,0.50,0.82,0.24,0.17
48187,0.50,0.81,0.25,0.17
48211,0.51,0.80,0.26,0.17
48235,0.52,0.80,0.26,0.16
48259,0.52,0.79,0.26,0.16
48283,0.53,0.79,0.27,0.16
48307,0.54,0.78,0.27,0.16
48331,0.54,0.78,0.28,0.16
48355,0.55,0.77,0.28,0.16
48383,0.56,0.76,0.29,0.16
48407,0.56,0.76,0.29,0.16
48431,0.57,0.75,0.29,0.16
48455,0.58,0.74,0.29,0.16
48479,0.59,0.73,0.30,0.16
48503,0.60,0.72,0.30,0.16
48527,0.61,0.72,0.30,0.16
48551,0.62,0.71,0.30,0.16
48575,0.63,0.70,0.31,0.16
48599,0.63,0.69,0.31,0.16
48623,0.64,0.68,0.31,0.16
48647,0.64,0.68,0.32,0.16
48671,0.65,0.67,0.32,0.16
48695,0.65,0.66,0.33,0.16
48719,0.66,0.66,0.33,0.16
48743,0.66,0.65,0.34,0.16
48767,0.66,0.64,0.35,0.16
48791,0.66,0.64,0.35,0.16
48815,0.67,0.63,0.36,0.16
48844,0.67,0.63,0.37,0.16
48868,0.67,0.62,0.37,0.16
48892,0.67,0.62,0.38,0.16
48916,0.67,0.61,0.39,0.16
48940,0.67,0.61,0.39,0.16
48964,0.67,0.61,0.40,0.16
48988,0.67,0.60,0.40,0.16
49012,0.67,0.60,0.41,0.16
49036,0.67,0.60,0.42,0.16
49060,0.66,0.60,0.42,0.16
49084,0.66,0.59,0.43,0.16
49108,0.66,0.59,0.44,0.16
49132,0.65,0.59,0.44,0.16
49156,0.65,0.59,0.45,0.17
49180,0.65,0.59,0.46,0.17
49204,0.64,0.58,0.47,0.17
49228,0.63,0.58,0.48,0.18
49252,0.63,0.58,0.49,0.19
49276,0.62,0.58,0.50,0.19
49305,0.61,0.57,0.51,0.20
49329,0.61,0.57,0.52,0.20
49353,0.60,0.56,0.53,0.21
49377,0.60,0.56,0.53,0.22
49401,0.60,0.55,0.54,0.22
49425,0.60,0.55,0.54,0.23
49449,0.60,0.54,0.54,0.23
49473,0.60,0.54,0.54,0.23
49497,0.61,0.53,0.54,0.23
49521,0.61,0.53,0.55,0.23
49545,0.61,0.52,0.55,0.23
49569,0.61,0.52,0.55,0.24
49593,0.61,0.52,0.55,0.24
49617,0.61,0.52,0.55,0.24
49641,0.60,0.52,0.55,0.25
49665,0.60,0.52,0.55,0.26
49689,0.60,0.52,0.55,0.27
49713,0.60,0.51,0.55,0.28
49737,0.60,0.51,0.54,0.29
49766,0.60,0.51,0.54,0.30
49790,0.59,0.51,0.54,0.31
49814,0.59,0.51,0.54,0.32
49838,0.59,0.51,0.53,0.33
49862,0.59,0.51,0.53,0.34
49886,0.58,0.51,0.52,0.35
49910,0.58,0.52,0.52,0.36
49934,0.58,0.52,0.51,0.37
49958,0.57,0.52,0.51,0.38
49982,0.57,0.52,0.51,0.39
50006,0.56,0.52,0.50,0.40
50030,0.56,0.52,0.50,0.41
50054,0.55,0.52,0.50,0.42
50078,0.55,0.52,0.50,0.43
50102,0.54,0.52,0.49,0.45
50126,0.54,0.51,0.49,0.46
50150,0.53,0.51,0.48,0.47
50174,0.53,0.51,0.48,0.49
50198,0.52,0.51,0.47,0.50
50226,0.52,0.51,0.47,0.51
50250,0.51,0.50,0.46,0.52
50274,0.51,0.50,0.45,0.53
50298,0.50,0.50,0.45,0.54
50322,0.50,0.50,0.45,0.56
50346,0.49,0.49,0.44,0.57
50370,0.48,0.49,0.44,0.58
50394,0.48,0.49,0.43,0.59
50418,0.47,0.49,0.43,0.60
50442,0.47,0.48,0.42,0.61
50466,0.47,0.48,0.42,0.61
50490,0.46,0.48,0.41,0.62
50514,0.46,0.48,0.40,0.63
50538,0.46,0.48,0.40,0.64
50562,0.46,0.47,0.39,0.64
50586,0.46,0.47,0.38,0.65
50610,0.45,0.47,0.37,0.66
50634,0.45,0.47,0.37,0.67
50658,0.45,0.46,0.36,0.67
50687,0.45,0.46,0.35,0.68
50711,0.44,0.46,0.35,0.69
50735,0.44,0.45,0.34,0.69
50759,0.44,0.45,0.34,0.70
50783,0.44,0.45,0.33,0.71
50807,0.43,0.44,0.33,0.71
50831,0.43,0.44,0.32,0.72
50855,0.43,0.44,0.31,0.73
50879,0.43,0.44,0.31,0.73
50903,0.42,0.43,0.30,0.74
50927,0.42,0.42,0.29,0.75
50951,0.42,0.42,0.28,0.75
50975,0.42,0.41,0.28,0.76
50999,0.42,0.40,0.27,0.77
51023,0.42,0.39,0.26,0.77
51047,0.42,0.38,0.25,0.78
51071,0.42,0.38,0.25,0.79
51095,0.42,0.37,0.24,0.79
51119,0.41,0.37,0.23,0.80
51147,0.41,0.36,0.22,0.81
51171,0.41,0.36,0.21,0.81
51195,0.41,0.35,0.20,0.82
51219,0.40,0.35,0.19,0.82
51243,0.40,0.34,0.18,0.83
51267,0.40,0.34,0.18,0.83
51291,0.39,0.33,0.17,0.84
51315,0.39,0.32,0.16,0.85
51339,0.39,0.32,0.15,0.85
51363,0.39,0.32,0.15,0.85
51387,0.38,0.31,0.14,0.86
51411,0.38,0.30,0.13,0.87
51435,0.38,0.29,0.12,0.87
51459,0.38,0.29,0.11,0.87
51483,0.38,0.29,0.11,0.87
51507,0.38,0.28,0.10,0.87
51531,0.38,0.28,0.09,0.88
51555,0.39,0.27,0.09,0.88
51579,0.39,0.27,0.08,0.88
51608,0.39,0.26,0.07,0.88
51632,0.39,0.25,0.07,0.88
51656,0.39,0.25,0.07,0.88
51680,0.39,0.24,0.06,0.89
51704,0.39,0.23,0.06,0.89
51728,0.39,0.23,0.06,0.89
51752,0.39,0.23,0.06,0.89
51776,0.39,0.23,0.06,0.89
51800,0.39,0.23,0.06,0.89
51824,0.39,0.23,0.05,0.89
51848,0.39,0.24,0.05,0.89
51872,0.39,0.24,0.04,0.89
51896,0.39,0.25,0.04,0.89
51920,0.39,0.25,0.03,0.89
51944,0.39,0.24,0.02,0.89
51968,0.39,0.24,0.02,0.89
51992,0.39,0.23,0.02,0.89
52016,0.39,0.23,0.01,0.89
52040,0.40,0.22,0.01,0.89
52068,0.40,0.22,0.01,0.89
52092,0.40,0.22,0.00,0.89
52116,0.40,0.22,-0.00,0.89
52140,0.40,0.22,-0.01,0.89
52164,0.40,0.22,-0.01,0.89
52188,0.40,0.22,-0.02,0.89
52212,0.40,0.22,-0.02,0.89
52236,0.40,0.22,-0.03,0.89
52260,0.40,0.22,-0.03,0.89
52284,0.40,0.22,-0.03,0.89
52308,0.40,0.22,-0.04,0.89
52332,0.41,0.22,-0.04,0.89
52356,0.41,0.22,-0.04,0.89
52380,0.41,0.22,-0.05,0.88
52404,0.41,0.22,-0.05,0.88
52428,0.41,0.22,-0.05,0.88
52452,0.42,0.21,-0.05,0.88
52476,0.42,0.21,-0.06,0.88
52505,0.42,0.21,-0.06,0.88
52529,0.42,0.21,-0.06,0.88
52553,0.42,0.21,-0.06,0.88
52577,0.43,0.20,-0.07,0.88
52601,0.43,0.20,-0.07,0.88
52625,0.43,0.20,-0.07,0.88
52649,0.44,0.20,-0.07,0.87
52673,0.44,0.20,-0.07,0.87
52697,0.44,0.20,-0.07,0.87
52721,0.44,0.19,-0.07,0.87
52745,0.45,0.19,-0.07,0.87
52769,0.45,0.19,-0.07,0.87
52793,0.45,0.19,-0.07,0.87
52817,0.45,0.19,-0.08,0.87
52841,0.45,0.19,-0.08,0.87
52865,0.45,0.19,-0.08,0.87
52889,0.45,0.19,-0.08,0.87
52913,0.45,0.19,-0.09,0.87
52937,0.45,0.19,-0.09,0.87
52965,0.45,0.19,-0.09,0.86
52989,0.46,0.19,-0.09,0.86
53013,0.46,0.19,-0.09,0.86
53037,0.46,0.19,-0.09,0.86
53061,0.46,0.19,-0.10,0.86
53085,0.46,0.19,-0.10,0.86
53109,0.46,0.19,-0.10,0.86
53133,0.47,0.19,-0.10,0.86
53157,0.47,0.19,-0.10,0.86
53181,0.47,0.19,-0.10,0.86
53205,0.47,0.19,-0.10,0.85
53229,0.47,0.19,-0.11,0.85
53253,0.47,0.19,-0.11,0.85
53277,0.47,0.19,-0.11,0.85
53301,0.47,0.19,-0.11,0.85
53325,0.47,0.19,-0.11,0.85
53349,0.48,0.19,-0.11,0.85
53373,0.48,0.19,-0.12,0.85
53402,0.48,0.19,-0.12,0.85
53426,0.48,0.19,-0.12,0.85
53450,0.48,0.19,-0.12,0.85
53474,0.48,0.19,-0.12,0.85
53498,0.49,0.19,-0.12,0.84
53522,0.49,0.19,-0.12,0.84
53546,0.49,0.19,-0.12,0.84
53570,0.49,0.19,-0.13,0.84
53594,0.49,0.19,-0.13,0.84
53618,0.49,0.19,-0.13,0.84
53642,0.49,0.19,-0.13,0.84
53666,0.49,0.19,-0.13,0.84
53690,0.49,0.19,-0.13,0.84
53714,0.50,0.19,-0.13,0.84
53738,0.50,0.19,-0.13,0.84
53762,0.50,0.19,-0.13,0.84
53786,0.50,0.19,-0.14,0.84
53810,0.50,0.19,-0.14,0.84
53838,0.50,0.19,-0.14,0.84
53862,0.50,0.19,-0.14,0.83
53886,0.50,0.18,-0.14,0.83
53910,0.50,0.18,-0.14,0.83
53934,0.50,0.18,-0.14,0.83
53958,0.50,0.18,-0.14,0.83
53982,0.50,0.18,-0.14,0.83
54006,0.51,0.18,-0.15,0.83
54030,0.51,0.18,-0.15,0.83
54054,0.51,0.18,-0.15,0.83
54078,0.51,0.18,-0.15,0.83
54102,0.51,0.18,-0.15,0.83
54126,0.51,0.18,-0.15,0.83
54150,0.51,0.18,-0.15,0.83
54174,0.51,0.18,-0.15,0.83
54198,0.51,0.18,-0.15,0.83
54222,0.51,0.18,-0.15,0.82
54246,0.52,0.18,-0.15,0.82
54270,0.52,0.18,-0.15,0.82
54299,0.52,0.18,-0.16,0.82
54323,0.52,0.18,-0.16,0.82
54347,0.52,0.18,-0.16,0.82
54371,0.52,0.18,-0.16,0.82
54395,0.52,0.18,-0.16,0.82
54419,0.52,0.18,-0.16,0.82
54443,0.52,0.17,-0.16,0.82
54467,0.52,0.17,-0.16,0.82
54491,0.53,0.17,-0.16,0.82
54515,0.53,0.17,-0.16,0.82
54539,0.53,0.17,-0.16,0.82
54563,0.53,0.17,-0.16,0.82
54587,0.53,0.17,-0.16,0.82
54611,0.53,0.17,-0.16,0.82
54635,0.53,0.17,-0.16,0.81
54659,0.53,0.17,-0.17,0.81
54683,0.53,0.17,-0.17,0.81
54707,0.53,0.17,-0.17,0.81
54735,0.53,0.17,-0.17,0.81
54759,0.53,0.17,-0.17,0.81
54783,0.53,0.17,-0.17,0.81
54807,0.54,0.17,-0.17,0.81
54831,0.54,0.17,-0.17,0.81
54855,0.54,0.17,-0.17,0.81
54879,0.54,0.17,-0.17,0.81
54903,0.54,0.17,-0.17,0.81
54927,0.54,0.17,-0.17,0.80
54951,0.54,0.17,-0.17,0.80
54975,0.54,0.18,-0.17,0.80
54999,0.55,0.18,-0.17,0.80
55023,0.55,0.18,-0.17,0.80
55047,0.55,0.18,-0.17,0.80
55071,0.55,0.19,-0.17,0.80
55095,0.55,0.19,-0.17,0.80
55119,0.55,0.20,-0.17,0.80
55143,0.55,0.20,-0.17,0.79
55172,0.55,0.21,-0.16,0.79
55196,0.55,0.22,-0.16,0.79
55220,0.55,0.23,-0.16,0.79
55244,0.55,0.24,-0.16,0.79
55268,0.55,0.25,-0.15,0.78
55292,0.55,0.26,-0.15,0.78
55316,0.55,0.28,-0.15,0.77
55340,0.55,0.29,-0.15,0.76
55364,0.56,0.31,-0.15,0.76
55388,0.56,0.32,-0.14,0.75
55412,0.56,0.34,-0.14,0.74
55436,0.56,0.35,-0.14,0.74
55460,0.57,0.36,-0.13,0.73
55484,0.56,0.37,-0.13,0.73
55508,0.56,0.39,-0.12,0.72
55532,0.55,0.40,-0.11,0.72
55556,0.55,0.41,-0.10,0.72
55580,0.54,0.43,-0.09,0.72
55608,0.54,0.44,-0.08,0.72
55632,0.53,0.45,-0.07,0.71
55656,0.52,0.46,-0.06,0.71
55680,0.52,0.48,-0.05,0.71
55704,0.51,0.49,-0.05,0.71
55728,0.51,0.50,-0.04,0.70
55752,0.50,0.51,-0.03,0.70
55776,0.50,0.52,-0.02,0.70
55800,0.50,0.53,-0.02,0.69
55824,0.49,0.53,-0.01,0.69
55848,0.49,0.54,-0.00,0.68
55872,0.49,0.55,0.00,0.68
55896,0.48,0.56,0.01,0.67
55920,0.48,0.57,0.01,0.67
55944,0.48,0.58,0.01,0.66
55968,0.48,0.59,0.01,0.65
55992,0.47,0.60,0.01,0.64
56016,0.47,0.62,0.01,0.63
56040,0.46,0.64,0.01,0.62
56069,0.45,0.65,0.01,0.61
56093,0.45,0.67,0.01,0.59
56117,0.44,0.68,0.01,0.58
56141,0.44,0.70,0.01,0.57
56165,0.44,0.71,0.01,0.55
56189,0.44,0.72,0.01,0.54
56213,0.43,0.73,0.02,0.53
56237,0.43,0.74,0.02,0.51
56261,0.43,0.75,0.02,0.50
56285,0.43,0.76,0.02,0.48
56309,0.44,0.77,0.02,0.46
56333,0.44,0.78,0.02,0.44
56357,0.44,0.79,0.02,0.43
56381,0.44,0.80,0.03,0.41
56405,0.44,0.81,0.03,0.39
56429,0.45,0.81,0.03,0.37
56453,0.45,0.82,0.04,0.35
56477,0.46,0.82,0.04,0.33
56501,0.46,0.83,0.05,0.32
56529,0.47,0.83,0.05,0.30
56553,0.47,0.83,0.06,0.28
56577,0.47,0.84,0.06,0.27
56601,0.48,0.84,0.07,0.25
56625,0.48,0.84,0.08,0.24
56649,0.48,0.84,0.09,0.23
56673,0.49,0.84,0.10,0.21
56697,0.49,0.84,0.11,0.20
56721,0.49,0.84,0.12,0.19
56745,0.49,0.84,0.13,0.18
56769,0.49,0.84,0.14,0.18
56793,0.49,0.84,0.14,0.18
56817,0.49,0.84,0.15,0.18
56841,0.49,0.84,0.16,0.17
56865,0.49,0.84,0.17,0.17
56889,0.50,0.83,0.18,0.16
56913,0.50,0.83,0.19,0.16
56937,0.51,0.83,0.19,0.15
56961,0.51,0.83,0.20,0.15
56990,0.51,0.82,0.20,0.14
57014,0.52,0.82,0.20,0.14
57038,0.52,0.81,0.21,0.14
57062,0.53,0.81,0.21,0.14
57086,0.53,0.81,0.22,0.14
57110,0.54,0.80,0.23,0.13
57134,0.54,0.80,0.23,0.14
57158,0.55,0.79,0.24,0.14
57182,0.55,0.79,0.25,0.14
57206,0.55,0.78,0.25,0.14
57230,0.56,0.78,0.26,0.14
57254,0.56,0.77,0.27,0.14
57278,0.56,0.77,0.27,0.15
57302,0.57,0.76,0.28,0.15
57326,0.57,0.76,0.29,0.16
57350,0.57,0.75,0.29,0.16
57374,0.57,0.75,0.30,0.16
57398,0.57,0.74,0.30,0.17
57422,0.58,0.74,0.31,0.17
57450,0.58,0.73,0.31,0.17
57474,0.58,0.73,0.32,0.17
57498,0.58,0.73,0.32,0.18
57522,0.58,0.72,0.32,0.18
57546,0.58,0.72,0.33,0.18
57570,0.58,0.72,0.33,0.18
57594,0.58,0.72,0.33,0.19
57618,0.58,0.72,0.34,0.19
57642,0.58,0.72,0.34,0.19
57666,0.58,0.71,0.34,0.19
57690,0.58,0.71,0.34,0.19
57714,0.58,0.71,0.34,0.19
57738,0.58,0.71,0.35,0.19
57762,0.58,0.71,0.35,0.19
57786,0.58,0.71,0.35,0.18
57810,0.58,0.71,0.35,0.18
57834,0.58,0.71,0.35,0.18
57858,0.58,0.71,0.36,0.18
57882,0.58,0.71,0.36,0.18
57911,0.57,0.71,0.36,0.18
57935,0.57,0.71,0.36,0.18
57959,0.57,0.71,0.37,0.17
57983,0.57,0.71,0.37,0.17
58007,0.56,0.72,0.37,0.17
58031,0.56,0.72,0.38,0.17
58055,0.55,0.72,0.38,0.17
58079,0.55,0.72,0.39,0.17
58103,0.54,0.72,0.39,0.17
58127,0.54,0.72,0.40,0.16
58151,0.53,0.73,0.40,0.16
58175,0.53,0.73,0.41,0.16
58199,0.52,0.73,0.41,0.15
58223,0.51,0.74,0.42,0.15
58247,0.50,0.74,0.42,0.14
58271,0.49,0.75,0.43,0.14
58295,0.48,0.75,0.43,0.13
58319,0.47,0.76,0.43,0.13
58343,0.46,0.76,0.44,0.12
58371,0.46,0.77,0.44,0.11
58395,0.45,0.77,0.44,0.10
58419,0.44,0.77,0.45,0.09
58443,0.43,0.77,0.45,0.09
58467,0.43,0.78,0.46,0.08
58491,0.42,0.78,0.46,0.08
58515,0.42,0.78,0.46,0.07
58539,0.42,0.78,0.46,0.07
58563,0.42,0.78,0.47,0.07
58587,0.42,0.78,0.47,0.06
58611,0.42,0.78,0.47,0.06
58635,0.42,0.77,0.47,0.06
58659,0.42,0.77,0.48,0.07
58683,0.42,0.77,0.48,0.07
58707,0.42,0.76,0.49,0.08
58731,0.42,0.75,0.50,0.08
58755,0.42,0.75,0.50,0.08
58779,0.43,0.74,0.51,0.09
58803,0.43,0.73,0.52,0.09
58832,0.44,0.72,0.53,0.10
58856,0.44,0.71,0.54,0.11
58880,0.45,0.70,0.55,0.12
58904,0.45,0.69,0.56,0.13
58928,0.46,0.67,0.57,0.14
58952,0.46,0.66,0.58,0.15
58976,0.46,0.64,0.59,0.17
59000,0.47,0.63,0.59,0.18
59024,0.47,0.62,0.60,0.19
59048,0.47,0.60,0.61,0.21
59072,0.47,0.59,0.62,0.22
59096,0.47,0.57,0.63,0.23
59120,0.47,0.56,0.64,0.24
59144,0.47,0.55,0.64,0.25
59168,0.47,0.54,0.65,0.26
59192,0.46,0.53,0.66,0.27
59216,0.46,0.52,0.66,0.28
59240,0.46,0.51,0.67,0.29
59264,0.46,0.50,0.67,0.30
59292,0.45,0.49,0.68,0.31
59316,0.45,0.48,0.68,0.32
59340,0.45,0.48,0.68,0.32
59364,0.44,0.47,0.69,0.33
59388,0.44,0.46,0.69,0.34
59412,0.43,0.46,0.70,0.34
59436,0.43,0.45,0.70,0.35
59460,0.42,0.45,0.70,0.35
59484,0.42,0.44,0.71,0.36
59508,0.41,0.44,0.71,0.37
59532,0.41,0.43,0.71,0.37
59556,0.40,0.43,0.72,0.38
59580,0.40,0.43,0.72,0.38
59604,0.39,0.42,0.72,0.39
59628,0.39,0.42,0.72,0.39
59652,0.38,0.41,0.72,0.40
59676,0.38,0.41,0.72,0.40
59700,0.37,0.41,0.72,0.41
59724,0.37,0.41,0.72,0.41
59753,0.37,0.41,0.72,0.42
59777,0.36,0.41,0.72,0.43
59801,0.36,0.40,0.72,0.43
59825,0.36,0.40,0.72,0.44
59849,0.36,0.40,0.71,0.44
59873,0.36,0.41,0.71,0.45
59897,0.36,0.41,0.70,0.45
59921,0.36,0.41,0.70,0.46
59945,0.36,0.41,0.70,0.46
59969,0.35,0.42,0.70,0.47
59993,0.34,0.42,0.70,0.47
60017,0.33,0.42,0.70,0.48
60041,0.33,0.42,0.70,0.48
60065,0.32,0.41,0.70,0.49
60089,0.31,0.41,0.70,0.49
60113,0.31,0.41,0.70,0.49
60137,0.31,0.41,0.70,0.50
60161,0.31,0.41,0.70,0.50
60185,0.31,0.41,0.70,0.50
60213,0.30,0.41,0.70,0.50
60237,0.30,0.41,0.70,0.50
60261,0.30,0.41,0.70,0.50
60285,0.30,0.41,0.70,0.51
60309,0.29,0.41,0.70,0.51
60333,0.29,0.41,0.70,0.51
60357,0.29,0.40,0.70,0.51
60381,0.29,0.40,0.70,0.51
60405,0.29,0.40,0.70,0.51
60429,0.29,0.40,0.70,0.51
60453,0.29,0.40,0.70,0.52
60477,0.29,0.40,0.70,0.52
60501,0.29,0.39,0.70,0.52
60525,0.29,0.39,0.70,0.52
60549,0.29,0.38,0.70,0.53
60573,0.29,0.38,0.70,0.53
60597,0.29,0.37,0.70,0.53
60621,0.29,0.37,0.70,0.53
60645,0.29,0.37,0.70,0.53
60674,0.30,0.37,0.70,0.53
60698,0.30,0.37,0.70,0.53
60722,0.30,0.37,0.70,0.53
60746,0.30,0.37,0.70,0.53
60770,0.30,0.37,0.70,0.53
60794,0.30,0.37,0.70,0.54
60818,0.30,0.37,0.70,0.54
60842,0.30,0.37,0.70,0.54
60866,0.30,0.37,0.69,0.54
60890,0.30,0.37,0.69,0.54
60914,0.30,0.37,0.69,0.54
60938,0.30,0.37,0.69,0.54
60962,0.30,0.37,0.69,0.54
60986,0.30,0.37,0.69,0.54
61010,0.30,0.37,0.69,0.54
61034,0.30,0.37,0.69,0.55
61058,0.30,0.37,0.68,0.55
61082,0.30,0.37,0.68,0.55
61106,0.30,0.37,0.68,0.56
61134,0.31,0.37,0.67,0.56
61158,0.31,0.37,0.67,0.57
61182,0.31,0.38,0.66,0.57
61206,0.31,0.38,0.66,0.57
61230,0.31,0.38,0.66,0.57
61254,0.31,0.39,0.65,0.57
61278,0.31,0.39,0.65,0.57
61302,0.30,0.39,0.65,0.58
61326,0.30,0.38,0.65,0.58
61350,0.30,0.38,0.65,0.58
61374,0.29,0.38,0.66,0.58
61398,0.29,0.38,0.66,0.58
61422,0.29,0.37,0.66,0.58
61446,0.29,0.37,0.66,0.58
61470,0.29,0.37,0.66,0.58
61494,0.29,0.37,0.66,0.58
61518,0.29,0.37,0.66,0.59
61542,0.28,0.37,0.66,0.59
61566,0.28,0.36,0.67,0.59
61595,0.28,0.36,0.67,0.59
61619,0.28,0.36,0.67,0.59
61643,0.28,0.36,0.67,0.59
61667,0.28,0.36,0.67,0.59
61691,0.28,0.35,0.67,0.59
61715,0.28,0.35,0.67,0.59
61739,0.28,0.35,0.67,0.59
61763,0.28,0.34,0.67,0.60
61787,0.28,0.33,0.67,0.60
61811,0.28,0.33,0.67,0.60
61835,0.28,0.33,0.67,0.60
61859,0.28,0.33,0.67,0.60
61883,0.28,0.33,0.67,0.60
61907,0.28,0.33,0.67,0.60
61931,0.28,0.33,0.67,0.60
61955,0.29,0.33,0.67,0.60
61979,0.29,0.33,0.67,0.60
62003,0.29,0.33,0.67,0.60
62027,0.28,0.33,0.67,0.60
62055,0.28,0.33,0.67,0.60
62079,0.28,0.33,0.67,0.60
62103,0.28,0.33,0.67,0.60
62127,0.28,0.33,0.67,0.60
62151,0.28,0.33,0.67,0.60
62175,0.28,0.33,0.68,0.60
62199,0.28,0.32,0.68,0.60
62223,0.28,0.32,0.68,0.60
62247,0.28,0.32,0.68,0.60
62271,0.27,0.32,0.68,0.61
62295,0.27,0.32,0.67,0.61
62319,0.27,0.32,0.67,0.61
62343,0.27,0.32,0.67,0.61
62367,0.27,0.32,0.67,0.62
62391,0.27,0.32,0.67,0.62
62415,0.27,0.32,0.66,0.62
62439,0.27,0.32,0.66,0.62
62463,0.27,0.33,0.66,0.62
62487,0.26,0.33,0.66,0.62
62516,0.26,0.33,0.66,0.62
62540,0.25,0.33,0.66,0.62
62564,0.24,0.33,0.67,0.62
62588,0.23,0.33,0.67,0.62
62612,0.22,0.32,0.68,0.62
62636,0.21,0.32,0.68,0.62
62660,0.20,0.32,0.69,0.62
62684,0.19,0.31,0.69,0.62
62708,0.19,0.31,0.70,0.62
62732,0.19,0.31,0.70,0.62
62756,0.18,0.30,0.70,0.62
62780,0.18,0.30,0.70,0.62
62804,0.17,0.30,0.71,0.62
62828,0.16,0.29,0.71,0.62
62852,0.16,0.29,0.71,0.62
62876,0.15,0.29,0.71,0.62
62900,0.15,0.28,0.71,0.62
62924,0.15,0.28,0.72,0.62
62952,0.15,0.27,0.72,0.62
62976,0.15,0.27,0.72,0.62
63000,0.15,0.26,0.72,0.63
63024,0.15,0.25,0.72,0.63
63048,0.15,0.25,0.72,0.63
63072,0.14,0.24,0.72,0.64
63096,0.14,0.23,0.72,0.64
63120,0.14,0.22,0.72,0.64
63144,0.14,0.21,0.72,0.64
63168,0.13,0.20,0.73,0.64
63192,0.13,0.20,0.73,0.64
63216,0.12,0.19,0.73,0.64
63240,0.12,0.19,0.73,0.64
63264,0.12,0.18,0.73,0.65
63288,0.12,0.18,0.73,0.65
63312,0.11,0.18,0.73,0.65
63336,0.10,0.17,0.74,0.65
63360,0.10,0.17,0.74,0.65
63384,0.09,0.16,0.74,0.65
63413,0.08,0.15,0.74,0.65
63437,0.08,0.15,0.75,0.64
63461,0.07,0.14,0.75,0.64
63485,0.07,0.14,0.75,0.64
63509,0.06,0.13,0.75,0.64
63533,0.06,0.13,0.76,0.64
63557,0.06,0.13,0.76,0.64
63581,0.06,0.13,0.76,0.64
63605,0.05,0.12,0.76,0.64
63629,0.05,0.12,0.76,0.64
63653,0.05,0.12,0.76,0.64
63677,0.05,0.12,0.76,0.64
63701,0.05,0.12,0.76,0.64
63725,0.05,0.12,0.75,0.64
63749,0.05,0.13,0.75,0.64
63773,0.05,0.13,0.75,0.64
63797,0.05,0.14,0.76,0.64
63821,0.04,0.13,0.76,0.64
63845,0.03,0.13,0.76,0.64
63873,0.02,0.13,0.76,0.63
63897,0.01,0.12,0.77,0.63
63921,0.00,0.12,0.77,0.63
63945,-0.01,0.11,0.78,0.62
63969,-0.02,0.10,0.78,0.62
63993,-0.02,0.10,0.78,0.61
64017,-0.03,0.09,0.78,0.61
64041,-0.03,0.08,0.79,0.61
64065,-0.04,0.08,0.79,0.61
64089,-0.04,0.07,0.79,0.61
64113,-0.05,0.07,0.79,0.61
64137,-0.05,0.06,0.79,0.60
64161,-0.06,0.06,0.79,0.60
64185,-0.06,0.05,0.79,0.60
64209,-0.06,0.05,0.80,0.60
64233,-0.06,0.04,0.80,0.60
64257,-0.06,0.03,0.80,0.60
64281,-0.07,0.03,0.80,0.60
64305,-0.07,0.02,0.80,0.60
64334,-0.07,0.02,0.79,0.60
64358,-0.07,0.01,0.79,0.61
64382,-0.07,-0.00,0.79,0.61
64406,-0.07,-0.01,0.79,0.61
64430,-0.07,-0.02,0.78,0.62
64454,-0.08,-0.02,0.78,0.62
64478,-0.08,-0.03,0.78,0.62
64502,-0.08,-0.03,0.78,0.62
64526,-0.09,-0.03,0.78,0.62
64550,-0.09,-0.03,0.78,0.62
64574,-0.09,-0.04,0.78,0.62
64598,-0.09,-0.04,0.78,0.61
64622,-0.10,-0.04,0.78,0.61
64646,-0.11,-0.05,0.78,0.61
64670,-0.12,-0.05,0.78,0.61
64694,-0.12,-0.06,0.78,0.60
64718,-0.13,-0.06,0.79,0.60
64742,-0.14,-0.07,0.79,0.60
64770,-0.14,-0.07,0.79,0.60
64794,-0.15,-0.08,0.79,0.60
64818,-0.15,-0.08,0.79,0.59
64842,-0.16,-0.09,0.79,0.59
64866,-0.16,-0.09,0.79,0.59
64890,-0.17,-0.10,0.79,0.59
64914,-0.17,-0.10,0.79,0.59
64938,-0.18,-0.10,0.78,0.59
64962,-0.18,-0.10,0.78,0.59
64986,-0.19,-0.11,0.78,0.59
65010,-0.19,-0.11,0.78,0.59
65034,-0.20,-0.11,0.77,0.59
65058,-0.20,-0.11,0.77,0.59
65082,-0.21,-0.11,0.77,0.59
65106,-0.21,-0.11,0.77,0.59
65130,-0.22,-0.11,0.77,0.59
65154,-0.23,-0.12,0.77,0.58
65183,-0.24,-0.12,0.77,0.58
65207,-0.25,-0.13,0.77,0.57
65231,-0.26,-0.14,0.77,0.57
65255,-0.27,-0.15,0.77,0.56
65279,-0.27,-0.15,0.77,0.56
65303,-0.28,-0.16,0.77,0.55
65327,-0.28,-0.17,0.77,0.55
65351,-0.29,-0.17,0.77,0.55
65375,-0.29,-0.18,0.77,0.55
65399,-0.30,-0.18,0.76,0.54
65423,-0.30,-0.19,0.76,0.54
65447,-0.31,-0.19,0.76,0.54
65471,-0.31,-0.20,0.76,0.54
65495,-0.32,-0.20,0.76,0.54
65519,-0.32,-0.20,0.75,0.54
65543,-0.32,-0.21,0.75,0.54
65567,-0.32,-0.21,0.75,0.54
65591,-0.32,-0.21,0.75,0.54
65619,-0.32,-0.22,0.74,0.54
65643,-0.33,-0.22,0.74,0.55
65667,-0.33,-0.23,0.73,0.55
65691,-0.33,-0.24,0.73,0.55
65715,-0.34,-0.24,0.72,0.56
65739,-0.34,-0.25,0.72,0.56
65763,-0.34,-0.25,0.71,0.56
65787,-0.35,-0.25,0.71,0.56
65811,-0.35,-0.25,0.71,0.56
65835,-0.35,-0.26,0.70,0.56
65859,-0.35,-0.26,0.70,0.56
65883,-0.36,-0.26,0.70,0.56
65907,-0.36,-0.26,0.70,0.56
65931,-0.37,-0.27,0.70,0.55
65955,-0.37,-0.27,0.70,0.55
65979,-0.38,-0.28,0.70,0.54
66003,-0.38,-0.28,0.69,0.54
66027,-0.39,-0.29,0.69,0.54
66056,-0.39,-0.29,0.69,0.53
66080,-0.40,-0.30,0.69,0.53
66104,-0.40,-0.30,0.69,0.53
66128,-0.40,-0.30,0.69,0.52
66152,-0.40,-0.31,0.69,0.52
66176,-0.41,-0.31,0.69,0.52
66200,-0.41,-0.31,0.68,0.52
66224,-0.41,-0.31,0.68,0.52
66248,-0.41,-0.31,0.68,0.52
66272,-0.41,-0.31,0.68,0.52
66296,-0.42,-0.31,0.68,0.52
66320,-0.42,-0.31,0.68,0.52
66344,-0.42,-0.31,0.67,0.53
66368,-0.42,-0.30,0.67,0.53
66392,-0.42,-0.30,0.68,0.52
66416,-0.43,-0.30,0.68,0.52
66440,-0.43,-0.30,0.68,0.51
66468,-0.44,-0.31,0.68,0.51
66492,-0.44,-0.31,0.68,0.50
66516,-0.45,-0.32,0.67,0.49
66540,-0.45,-0.32,0.67,0.49
66564,-0.46,-0.33,0.67,0.48
66588,-0.46,-0.33,0.67,0.48
66612,-0.46,-0.34,0.67,0.47
66636,-0.46,-0.34,0.67,0.47
66660,-0.46,-0.35,0.67,0.47
66684,-0.46,-0.35,0.67,0.47
66708,-0.47,-0.35,0.67,0.46
66732,-0.47,-0.36,0.66,0.46
66756,-0.47,-0.36,0.66,0.46
66780,-0.48,-0.36,0.66,0.45
66804,-0.48,-0.37,0.66,0.45
66828,-0.48,-0.37,0.65,0.45
66852,-0.48,-0.37,0.65,0.45
66876,-0.49,-0.37,0.65,0.45
66905,-0.49,-0.38,0.64,0.46
66929,-0.49,-0.38,0.64,0.46
66953,-0.49,-0.38,0.63,0.46
66977,-0.49,-0.38,0.63,0.47
67001,-0.49,-0.39,0.62,0.47
67025,-0.50,-0.39,0.62,0.47
67049,-0.50,-0.39,0.61,0.47
67073,-0.50,-0.39,0.61,0.47
67097,-0.50,-0.39,0.61,0.47
67121,-0.50,-0.39,0.61,0.48
67145,-0.50,-0.39,0.61,0.48
67169,-0.50,-0.39,0.61,0.48
67193,-0.51,-0.39,0.61,0.47
67217,-0.51,-0.39,0.61,0.47
67241,-0.51,-0.39,0.61,0.46
67265,-0.52,-0.39,0.61,0.46
67289,-0.52,-0.39,0.60,0.46
67317,-0.53,-0.40,0.60,0.45
67341,-0.53,-0.40,0.60,0.45
67365,-0.53,-0.40,0.60,0.44
67389,-0.54,-0.41,0.60,0.44
67413,-0.54,-0.41,0.60,0.43
67437,-0.54,-0.41,0.59,0.43
67461,-0.54,-0.41,0.59,0.43
67485,-0.55,-0.42,0.59,0.42
67509,-0.55,-0.42,0.59,0.42
67533,-0.55,-0.42,0.59,0.42
67557,-0.56,-0.42,0.59,0.42
67581,-0.56,-0.41,0.59,0.42
67605,-0.56,-0.41,0.59,0.41
67629,-0.56,-0.41,0.59,0.41
67653,-0.57,-0.41,0.58,0.42
67677,-0.57,-0.40,0.59,0.41
67701,-0.57,-0.40,0.59,0.41
67725,-0.57,-0.40,0.59,0.41
67754,-0.57,-0.40,0.59,0.40
67778,-0.58,-0.40,0.59,0.40
67802,-0.58,-0.41,0.59,0.39
67826,-0.58,-0.41,0.59,0.38
67850,-0.59,-0.42,0.58,0.38
67874,-0.59,-0.42,0.58,0.37
67898,-0.59,-0.43,0.58,0.37
67922,-0.59,-0.43,0.57,0.36
67946,-0.60,-0.44,0.57,0.36
67970,-0.60,-0.44,0.57,0.36
67994,-0.60,-0.44,0.56,0.36
68018,-0.60,-0.45,0.56,0.36
68042,-0.60,-0.45,0.56,0.36
68066,-0.60,-0.45,0.55,0.35
68090,-0.60,-0.45,0.55,0.35
68114,-0.61,-0.46,0.55,0.35
68138,-0.60,-0.46,0.55,0.36
68162,-0.60,-0.46,0.54,0.36
68190,-0.60,-0.46,0.54,0.36
68214,-0.60,-0.46,0.54,0.37
68238,-0.60,-0.46,0.54,0.37
68262,-0.60,-0.46,0.54,0.38
68286,-0.60,-0.46,0.53,0.39
68310,-0.60,-0.46,0.53,0.39
68334,-0.60,-0.46,0.52,0.40
68358,-0.59,-0.46,0.52,0.41
68382,-0.59,-0.46,0.51,0.41
68406,-0.59,-0.47,0.51,0.42
68430,-0.59,-0.47,0.51,0.42
68454,-0.59,-0.46,0.51,0.42
68478,-0.58,-0.46,0.51,0.43
68502,-0.58,-0.46,0.51,0.43
68526,-0.58,-0.46,0.51,0.44
68550,-0.57,-0.46,0.51,0.44
68574,-0.57,-0.46,0.52,0.44
68603,-0.56,-0.46,0.52,0.45
68627,-0.56,-0.46,0.52,0.45
68651,-0.56,-0.46,0.52,0.45
68675,-0.55,-0.47,0.53,0.45
68699,-0.55,-0.47,0.53,0.45
68723,-0.54,-0.47,0.53,0.45
68747,-0.54,-0.47,0.53,0.45
68771,-0.54,-0.47,0.53,0.45
68795,-0.53,-0.47,0.54,0.45
68819,-0.53,-0.48,0.54,0.45
68843,-0.53,-0.48,0.54,0.45
68867,-0.53,-0.48,0.54,0.45
68891,-0.53,-0.48,0.54,0.45
68915,-0.53,-0.48,0.54,0.45
68939,-0.53,-0.48,0.54,0.45
68963,-0.53,-0.48,0.53,0.45
68987,-0.53,-0.48,0.53,0.45
69011,-0.53,-0.48,0.53,0.45
69039,-0.54,-0.48,0.53,0.45
69063,-0.54,-0.48,0.53,0.45
69087,-0.54,-0.48,0.53,0.45
69111,-0.54,-0.48,0.53,0.46
69135,-0.54,-0.47,0.52,0.46
69159,-0.54,-0.47,0.52,0.46
69183,-0.54,-0.47,0.52,0.46
69207,-0.54,-0.47,0.52,0.46
69231,-0.54,-0.47,0.52,0.47
69255,-0.54,-0.47,0.52,0.47
69279,-0.54,-0.46,0.52,0.47
69303,-0.54,-0.46,0.52,0.48
69327,-0.54,-0.45,0.52,0.48
69351,-0.54,-0.44,0.52,0.49
69375,-0.54,-0.43,0.53,0.50
69399,-0.54,-0.41,0.53,0.51
69423,-0.54,-0.40,0.53,0.52
69447,-0.55,-0.39,0.53,0.52
69476,-0.55,-0.38,0.53,0.52
69500,-0.55,-0.39,0.52,0.52
69524,-0.54,-0.41,0.52,0.52
69548,-0.52,-0.42,0.52,0.53
69572,-0.50,-0.45,0.53,0.52
69596,-0.48,-0.48,0.54,0.50
69620,-0.44,-0.51,0.56,0.47
69644,-0.40,-0.55,0.58,0.45
69668,-0.36,-0.58,0.59,0.42
69692,-0.30,-0.62,0.61,0.39
69716,-0.25,-0.64,0.63,0.35
69740,-0.22,-0.65,0.65,0.33
69764,-0.20,-0.66,0.65,0.31
69788,-0.18,-0.67,0.65,0.30
69812,-0.16,-0.68,0.65,0.29
69836,-0.13,-0.70,0.65,0.28
69860,-0.13,-0.70,0.65,0.26
69888,-0.15,-0.71,0.64,0.25
69912,-0.16,-0.72,0.63,0.24
69936,-0.16,-0.72,0.64,0.22
69960,-0.16,-0.72,0.64,0.21
69984,-0.15,-0.72,0.64,0.22
70008,-0.15,-0.72,0.63,0.25
70032,-0.15,-0.73,0.62,0.26
70056,-0.15,-0.73,0.61,0.27
70080,-0.16,-0.72,0.62,0.27
70104,-0.16,-0.72,0.62,0.27
70128,-0.17,-0.72,0.62,0.27
70152,-0.17,-0.71,0.62,0.27
70176,-0.18,-0.71,0.62,0.28
70200,-0.18,-0.71,0.62,0.28
70224,-0.18,-0.71,0.62,0.29
70248,-0.19,-0.70,0.62,0.30
70272,-0.20,-0.70,0.62,0.30
70296,-0.20,-0.69,0.62,0.30
70325,-0.20,-0.70,0.62,0.29
70349,-0.20,-0.70,0.62,0.29
70373,-0.21,-0.69,0.62,0.29
70397,-0.21,-0.69,0.62,0.29
70421,-0.22,-0.69,0.62,0.30
70445,-0.22,-0.69,0.62,0.30
70469,-0.22,-0.68,0.62,0.30
70493,-0.23,-0.68,0.62,0.30
70517,-0.23,-0.68,0.62,0.30
70541,-0.24,-0.68,0.62,0.30
70565,-0.24,-0.68,0.62,0.30
70589,-0.24,-0.68,0.62,0.31
70613,-0.24,-0.68,0.62,0.31
70637,-0.24,-0.68,0.62,0.31
70661,-0.24,-0.68,0.62,0.31
70685,-0.25,-0.68,0.62,0.31
70709,-0.25,-0.68,0.62,0.30
70733,-0.25,-0.68,0.62,0.30
70761,-0.25,-0.68,0.62,0.30
70785,-0.26,-0.68,0.62,0.31
70809,-0.26,-0.67,0.62,0.31
70833,-0.26,-0.67,0.62,0.31
70857,-0.26,-0.67,0.62,0.31
70881,-0.27,-0.67,0.62,0.31
70905,-0.27,-0.67,0.62,0.31
70929,-0.27,-0.66,0.62,0.32
70953,-0.28,-0.66,0.62,0.32
70977,-0.28,-0.65,0.62,0.33
71001,-0.28,-0.65,0.62,0.34
71025,-0.28,-0.65,0.62,0.35
71049,-0.28,-0.64,0.62,0.36
71073,-0.28,-0.64,0.62,0.37
71097,-0.28,-0.63,0.62,0.38
71121,-0.28,-0.63,0.62,0.38
71145,-0.28,-0.63,0.62,0.39
71174,-0.28,-0.62,0.62,0.39
71198,-0.28,-0.62,0.62,0.40
71222,-0.28,-0.62,0.61,0.40
71246,-0.29,-0.61,0.61,0.40
71270,-0.29,-0.61,0.61,0.40
71294,-0.29,-0.61,0.61,0.40
71318,-0.30,-0.61,0.61,0.40
71342,-0.30,-0.61,0.61,0.41
71366,-0.30,-0.61,0.61,0.41
71390,-0.30,-0.61,0.61,0.41
71414,-0.31,-0.60,0.61,0.42
71438,-0.31,-0.60,0.60,0.42
71462,-0.31,-0.60,0.60,0.42
71486,-0.32,-0.60,0.60,0.43
71510,-0.32,-0.60,0.60,0.43
71534,-0.33,-0.59,0.60,0.43
71558,-0.34,-0.59,0.59,0.43
71582,-0.34,-0.59,0.59,0.43
71610,-0.35,-0.59,0.59,0.43
71634,-0.36,-0.59,0.58,0.43
71658,-0.37,-0.59,0.58,0.44
71682,-0.37,-0.58,0.57,0.44
71706,-0.38,-0.58,0.57,0.44
71730,-0.39,-0.58,0.57,0.45
71754,-0.39,-0.57,0.56,0.45
71778,-0.40,-0.57,0.56,0.45
71802,-0.41,-0.57,0.56,0.45
71826,-0.41,-0.56,0.55,0.45
71850,-0.42,-0.56,0.55,0.45
71874,-0.42,-0.56,0.55,0.46
71898,-0.42,-0.57,0.55,0.46
71922,-0.42,-0.57,0.54,0.46
71946,-0.42,-0.57,0.54,0.46
71970,-0.42,-0.57,0.54,0.45
71994,-0.41,-0.57,0.54,0.45
72018,-0.41,-0.57,0.55,0.45
72047,-0.41,-0.57,0.55,0.45
72071,-0.41,-0.57,0.55,0.45
72095,-0.41,-0.58,0.55,0.45
72119,-0.41,-0.58,0.55,0.45
72143,-0.40,-0.58,0.55,0.45
72167,-0.40,-0.58,0.55,0.45
72191,-0.40,-0.58,0.55,0.45
72215,-0.40,-0.57,0.55,0.45
72239,-0.40,-0.57,0.55,0.46
72263,-0.40,-0.57,0.55,0.46
72287,-0.39,-0.57,0.56,0.46
72311,-0.39,-0.57,0.56,0.46
72335,-0.39,-0.57,0.56,0.46
72359,-0.40,-0.57,0.55,0.46
72383,-0.40,-0.57,0.55,0.46
72407,-0.40,-0.57,0.55,0.47
72431,-0.40,-0.56,0.55,0.47
72459,-0.40,-0.56,0.55,0.47
72483,-0.40,-0.56,0.55,0.48
72507,-0.40,-0.56,0.54,0.48
72531,-0.40,-0.55,0.54,0.49
72555,-0.41,-0.55,0.53,0.50
72579,-0.41,-0.55,0.53,0.50
72603,-0.41,-0.55,0.53,0.51
72627,-0.41,-0.54,0.53,0.51
72651,-0.41,-0.54,0.52,0.52
72675,-0.41,-0.54,0.52,0.52
72699,-0.41,-0.54,0.52,0.53
72723,-0.41,-0.54,0.52,0.53
72747,-0.41,-0.54,0.51,0.53
72771,-0.41,-0.54,0.51,0.53
72795,-0.41,-0.54,0.51,0.53
72819,-0.40,-0.54,0.51,0.53
72843,-0.40,-0.54,0.51,0.53
72867,-0.40,-0.54,0.51,0.53
72896,-0.40,-0.54,0.51,0.54
72920,-0.40,-0.54,0.51,0.54
72944,-0.40,-0.54,0.51,0.54
