6509,1.00,0.01,-0.00,0.00
6534,1.00,0.01,-0.01,0.01
6558,1.00,0.02,-0.01,0.01
6582,1.00,0.03,-0.01,0.01
6606,1.00,0.03,-0.02,0.01
6649,1.00,0.04,-0.02,0.02
6673,1.00,0.05,-0.02,0.02
6697,1.00,0.05,-0.03,0.03
6721,1.00,0.06,-0.03,0.03
6745,1.00,0.07,-0.03,0.04
6769,1.00,0.08,-0.04,0.04
6793,0.99,0.08,-0.04,0.04
6817,0.99,0.09,-0.04,0.05
6841,0.99,0.10,-0.05,0.05
6865,0.99,0.11,-0.05,0.06
6889,0.99,0.11,-0.05,0.06
6913,0.99,0.12,-0.06,0.07
6937,0.99,0.13,-0.06,0.07
6961,0.99,0.14,-0.06,0.07
6985,0.98,0.15,-0.07,0.08
7009,0.98,0.15,-0.07,0.08
7033,0.98,0.16,-0.07,0.09
7057,0.98,0.17,-0.08,0.09
7081,0.98,0.18,-0.08,0.09
7109,0.97,0.18,-0.08,0.10
7133,0.97,0.19,-0.08,0.10
7157,0.97,0.20,-0.08,0.10
7181,0.97,0.21,-0.08,0.10
7205,0.97,0.21,-0.08,0.11
7229,0.97,0.22,-0.08,0.11
7253,0.96,0.22,-0.08,0.11
7277,0.96,0.23,-0.08,0.11
7301,0.96,0.24,-0.08,0.11
7325,0.96,0.24,-0.09,0.12
7349,0.96,0.25,-0.09,0.12
7373,0.96,0.25,-0.09,0.12
7397,0.95,0.26,-0.09,0.12
7421,0.95,0.26,-0.09,0.12
7445,0.95,0.27,-0.10,0.11
7469,0.95,0.27,-0.10,0.11
7493,0.95,0.28,-0.10,0.11
7517,0.95,0.28,-0.10,0.11
7541,0.95,0.29,-0.10,0.11
7570,0.94,0.30,-0.10,0.11
7594,0.94,0.30,-0.09,0.11
7618,0.94,0.31,-0.09,0.11
7642,0.94,0.32,-0.09,0.11
7666,0.94,0.32,-0.09,0.11
7690,0.94,0.32,-0.09,0.10
7714,0.94,0.32,-0.09,0.10
7738,0.94,0.32,-0.09,0.10
7762,0.93,0.33,-0.09,0.10
7786,0.93,0.34,-0.09,0.10
7810,0.93,0.34,-0.10,0.10
7834,0.93,0.35,-0.10,0.10
7858,0.92,0.36,-0.10,0.10
7882,0.92,0.36,-0.11,0.10
7906,0.92,0.37,-0.11,0.10
7930,0.91,0.37,-0.11,0.10
7954,0.91,0.38,-0.12,0.10
7978,0.91,0.39,-0.12,0.10
8002,0.91,0.39,-0.12,0.10
8030,0.90,0.40,-0.13,0.10
8054,0.90,0.40,-0.13,0.10
8078,0.90,0.41,-0.13,0.10
8102,0.89,0.41,-0.13,0.10
8126,0.89,0.42,-0.13,0.10
8150,0.89,0.42,-0.14,0.10
8174,0.89,0.42,-0.14,0.10
8198,0.89,0.42,-0.14,0.10
8222,0.89,0.42,-0.14,0.10
8246,0.89,0.42,-0.15,0.10
8270,0.89,0.42,-0.15,0.10
8294,0.89,0.42,-0.16,0.10
8318,0.89,0.42,-0.16,0.10
8342,0.89,0.41,-0.17,0.10
8366,0.89,0.41,-0.17,0.10
8390,0.89,0.41,-0.17,0.10
8414,0.89,0.41,-0.18,0.10
8438,0.89,0.42,-0.18,0.10
8462,0.89,0.42,-0.18,0.10
8491,0.88,0.42,-0.18,0.11
8515,0.88,0.42,-0.17,0.11
8539,0.88,0.43,-0.17,0.11
8563,0.88,0.43,-0.17,0.11
8587,0.88,0.43,-0.17,0.11
8611,0.88,0.44,-0.17,0.11
8635,0.87,0.44,-0.17,0.11
8659,0.87,0.45,-0.17,0.11
8683,0.87,0.45,-0.17,0.11
8707,0.87,0.45,-0.17,0.11
8731,0.87,0.46,-0.17,0.11
8755,0.86,0.46,-0.17,0.11
8779,0.86,0.46,-0.17,0.11
8803,0.86,0.46,-0.17,0.11
8827,0.86,0.46,-0.17,0.10
8851,0.86,0.46,-0.17,0.10
8875,0.87,0.46,-0.17,0.10
8899,0.87,0.46,-0.17,0.09
8923,0.87,0.46,-0.17,0.09
8952,0.87,0.46,-0.17,0.09
8976,0.87,0.46,-0.17,0.08
9000,0.87,0.46,-0.17,0.08
9024,0.87,0.46,-0.17,0.08
9048,0.87,0.46,-0.17,0.08
9072,0.86,0.47,-0.18,0.07
9096,0.86,0.47,-0.18,0.07
9120,0.86,0.48,-0.18,0.06
9144,0.85,0.48,-0.19,0.06
9168,0.85,0.48,-0.19,0.06
9192,0.85,0.49,-0.20,0.05
9216,0.85,0.49,-0.20,0.05
9240,0.84,0.50,-0.20,0.05
9264,0.84,0.50,-0.20,0.05
9288,0.84,0.51,-0.20,0.05
9312,0.83,0.51,-0.21,0.05
9336,0.83,0.51,-0.21,0.05
9360,0.83,0.52,-0.21,0.05
9384,0.83,0.52,-0.21,0.04
9423,0.83,0.52,-0.21,0.04
9447,0.83,0.52,-0.21,0.04
9471,0.83,0.52,-0.22,0.04
9495,0.83,0.52,-0.22,0.04
9519,0.83,0.51,-0.22,0.04
9543,0.83,0.51,-0.22,0.03
9567,0.83,0.51,-0.23,0.03
9591,0.83,0.51,-0.23,0.03
9615,0.83,0.50,-0.23,0.03
9639,0.83,0.50,-0.24,0.03
9663,0.83,0.50,-0.24,0.03
9687,0.83,0.50,-0.24,0.03
9711,0.83,0.50,-0.24,0.03
9735,0.83,0.50,-0.24,0.03
9759,0.83,0.51,-0.24,0.04
9783,0.83,0.51,-0.23,0.04
9807,0.82,0.52,-0.23,0.04
9831,0.82,0.52,-0.22,0.04
9855,0.82,0.52,-0.22,0.04
9883,0.82,0.53,-0.22,0.04
9907,0.82,0.53,-0.22,0.04
9931,0.82,0.53,-0.22,0.04
9955,0.81,0.54,-0.22,0.04
9979,0.81,0.54,-0.22,0.04
10003,0.81,0.54,-0.22,0.04
10027,0.81,0.54,-0.22,0.04
10051,0.81,0.54,-0.22,0.04
10075,0.81,0.54,-0.22,0.04
10099,0.81,0.54,-0.22,0.04
10123,0.81,0.54,-0.22,0.03
10147,0.82,0.53,-0.22,0.03
10171,0.82,0.53,-0.22,0.02
10195,0.82,0.53,-0.21,0.02
10219,0.82,0.53,-0.21,0.02
10243,0.82,0.53,-0.21,0.02
10267,0.82,0.53,-0.21,0.01
10291,0.82,0.53,-0.21,0.01
10346,0.82,0.53,-0.21,0.01
10370,0.82,0.54,-0.22,0.00
10394,0.81,0.54,-0.22,-0.00
10418,0.81,0.54,-0.22,-0.00
10442,0.81,0.54,-0.23,-0.00
10466,0.81,0.54,-0.23,-0.00
10490,0.81,0.55,-0.23,-0.00
10514,0.81,0.55,-0.22,-0.01
10538,0.80,0.55,-0.22,-0.01
10562,0.80,0.55,-0.22,-0.01
10586,0.80,0.55,-0.22,-0.01
10610,0.80,0.56,-0.22,-0.01
10634,0.80,0.56,-0.22,-0.01
10658,0.80,0.56,-0.23,-0.01
10682,0.80,0.56,-0.23,-0.01
10706,0.80,0.56,-0.24,-0.02
10730,0.79,0.56,-0.24,-0.02
10754,0.80,0.55,-0.25,-0.03
10783,0.79,0.55,-0.25,-0.03
10807,0.79,0.55,-0.26,-0.03
10831,0.79,0.55,-0.27,-0.04
10855,0.79,0.55,-0.28,-0.04
10879,0.79,0.54,-0.28,-0.04
10903,0.79,0.54,-0.28,-0.05
10927,0.79,0.54,-0.28,-0.04
10951,0.79,0.54,-0.28,-0.04
10975,0.79,0.54,-0.27,-0.04
10999,0.79,0.55,-0.27,-0.03
11023,0.79,0.55,-0.26,-0.03
11047,0.79,0.55,-0.26,-0.03
11071,0.79,0.56,-0.26,-0.03
11095,0.79,0.56,-0.26,-0.03
11119,0.79,0.56,-0.25,-0.02
11143,0.79,0.57,-0.25,-0.02
11167,0.78,0.57,-0.25,-0.02
11191,0.78,0.57,-0.24,-0.02
11220,0.78,0.57,-0.24,-0.01
11244,0.78,0.57,-0.24,-0.01
11268,0.78,0.58,-0.24,-0.01
11292,0.78,0.58,-0.23,-0.02
11316,0.78,0.58,-0.23,-0.02
11340,0.79,0.57,-0.23,-0.02
11364,0.79,0.57,-0.23,-0.02
11388,0.79,0.57,-0.23,-0.02
11412,0.79,0.56,-0.22,-0.03
11436,0.80,0.56,-0.22,-0.03
11460,0.80,0.56,-0.22,-0.03
11484,0.80,0.56,-0.22,-0.04
11508,0.80,0.56,-0.22,-0.04
11532,0.80,0.56,-0.22,-0.04
11556,0.80,0.56,-0.22,-0.04
11580,0.79,0.56,-0.22,-0.05
11604,0.79,0.57,-0.22,-0.05
11632,0.79,0.57,-0.22,-0.05
11656,0.79,0.57,-0.23,-0.05
11680,0.79,0.57,-0.23,-0.05
11704,0.78,0.57,-0.23,-0.05
11728,0.78,0.58,-0.23,-0.05
11752,0.78,0.58,-0.23,-0.05
11776,0.78,0.58,-0.23,-0.05
11800,0.77,0.59,-0.23,-0.05
11824,0.77,0.59,-0.23,-0.05
11848,0.77,0.59,-0.23,-0.05
11872,0.77,0.59,-0.24,-0.05
11896,0.77,0.59,-0.24,-0.05
11920,0.77,0.59,-0.24,-0.05
11944,0.77,0.59,-0.24,-0.05
11968,0.77,0.58,-0.25,-0.05
11992,0.77,0.58,-0.25,-0.06
12016,0.77,0.58,-0.25,-0.06
12040,0.78,0.57,-0.26,-0.06
12069,0.78,0.57,-0.26,-0.07
12093,0.78,0.56,-0.27,-0.07
12117,0.78,0.56,-0.27,-0.07
12141,0.78,0.56,-0.27,-0.07
12165,0.78,0.56,-0.27,-0.06
12189,0.78,0.56,-0.27,-0.06
12213,0.78,0.56,-0.26,-0.05
12237,0.78,0.56,-0.26,-0.05
12261,0.78,0.57,-0.25,-0.05
12285,0.78,0.57,-0.25,-0.05
12309,0.78,0.57,-0.25,-0.05
12333,0.78,0.57,-0.25,-0.04
12357,0.78,0.57,-0.25,-0.04
12381,0.78,0.58,-0.25,-0.04
12405,0.78,0.58,-0.25,-0.04
12429,0.77,0.58,-0.25,-0.04
12453,0.77,0.58,-0.25,-0.04
12477,0.77,0.58,-0.26,-0.04
12505,0.77,0.58,-0.26,-0.04
12529,0.77,0.58,-0.26,-0.04
12553,0.77,0.58,-0.26,-0.05
12577,0.77,0.58,-0.26,-0.05
12601,0.77,0.58,-0.26,-0.05
12625,0.78,0.57,-0.26,-0.05
12649,0.78,0.57,-0.26,-0.06
12673,0.78,0.57,-0.26,-0.06
12697,0.78,0.57,-0.25,-0.06
12721,0.78,0.57,-0.26,-0.06
12745,0.77,0.57,-0.26,-0.06
12769,0.77,0.58,-0.26,-0.07
12793,0.77,0.58,-0.26,-0.07
12817,0.77,0.58,-0.27,-0.08
12841,0.77,0.58,-0.27,-0.08
12865,0.76,0.58,-0.28,-0.08
12889,0.76,0.58,-0.28,-0.09
12918,0.76,0.58,-0.28,-0.08
12942,0.76,0.58,-0.28,-0.09
12966,0.76,0.58,-0.28,-0.09
12990,0.76,0.58,-0.28,-0.09
13014,0.75,0.59,-0.28,-0.09
13038,0.75,0.59,-0.28,-0.09
13062,0.75,0.59,-0.28,-0.09
13086,0.75,0.59,-0.28,-0.09
13110,0.75,0.59,-0.29,-0.09
13134,0.75,0.59,-0.29,-0.09
13158,0.75,0.59,-0.29,-0.10
13182,0.75,0.59,-0.29,-0.10
13206,0.75,0.58,-0.30,-0.10
13230,0.75,0.58,-0.30,-0.11
13254,0.76,0.57,-0.30,-0.11
13278,0.76,0.57,-0.30,-0.11
13302,0.76,0.56,-0.31,-0.11
13326,0.76,0.56,-0.31,-0.11
13354,0.76,0.56,-0.32,-0.11
13378,0.76,0.56,-0.32,-0.11
13402,0.76,0.56,-0.32,-0.11
13426,0.76,0.56,-0.32,-0.10
13450,0.76,0.56,-0.32,-0.10
13474,0.76,0.56,-0.31,-0.10
13498,0.76,0.57,-0.31,-0.10
13522,0.75,0.57,-0.31,-0.10
13546,0.75,0.57,-0.31,-0.10
13570,0.75,0.57,-0.31,-0.10
13594,0.75,0.57,-0.31,-0.10
13618,0.75,0.57,-0.31,-0.09
13642,0.75,0.58,-0.32,-0.09
13666,0.75,0.58,-0.32,-0.09
13690,0.75,0.58,-0.32,-0.09
13714,0.75,0.58,-0.32,-0.09
13738,0.75,0.58,-0.32,-0.09
13762,0.75,0.58,-0.32,-0.09
13802,0.75,0.58,-0.31,-0.09
13826,0.75,0.58,-0.31,-0.09
13850,0.75,0.58,-0.31,-0.09
13874,0.75,0.58,-0.30,-0.09
13898,0.75,0.58,-0.30,-0.09
13922,0.75,0.58,-0.30,-0.09
13946,0.75,0.58,-0.30,-0.09
13970,0.75,0.58,-0.30,-0.10
13994,0.75,0.58,-0.30,-0.10
14018,0.75,0.58,-0.30,-0.11
14042,0.75,0.58,-0.30,-0.11
14066,0.75,0.58,-0.30,-0.12
14090,0.74,0.58,-0.31,-0.12
14114,0.74,0.58,-0.31,-0.12
14138,0.74,0.58,-0.31,-0.12
14162,0.74,0.58,-0.32,-0.12
14186,0.74,0.58,-0.32,-0.13
14214,0.74,0.58,-0.32,-0.13
14238,0.73,0.58,-0.32,-0.13
14262,0.73,0.58,-0.33,-0.13
14286,0.73,0.59,-0.33,-0.13
14310,0.73,0.59,-0.33,-0.13
14334,0.73,0.59,-0.33,-0.13
14358,0.72,0.59,-0.33,-0.14
14382,0.73,0.59,-0.34,-0.14
14406,0.73,0.58,-0.34,-0.14
14430,0.73,0.58,-0.34,-0.14
14454,0.73,0.57,-0.34,-0.14
14478,0.73,0.57,-0.34,-0.14
14502,0.73,0.56,-0.35,-0.14
14526,0.74,0.56,-0.35,-0.15
14550,0.74,0.56,-0.36,-0.15
14574,0.74,0.56,-0.36,-0.14
14598,0.74,0.56,-0.36,-0.14
14622,0.74,0.56,-0.36,-0.14
14651,0.74,0.56,-0.36,-0.13
14675,0.74,0.56,-0.36,-0.13
14699,0.74,0.56,-0.35,-0.12
14723,0.74,0.56,-0.35,-0.12
14747,0.74,0.56,-0.35,-0.12
14771,0.74,0.57,-0.35,-0.12
14795,0.74,0.57,-0.35,-0.12
14819,0.73,0.57,-0.35,-0.12
14843,0.73,0.57,-0.35,-0.12
14867,0.73,0.57,-0.35,-0.12
14891,0.73,0.57,-0.35,-0.12
14915,0.73,0.57,-0.35,-0.12
14939,0.73,0.58,-0.35,-0.12
14963,0.73,0.58,-0.36,-0.12
14987,0.73,0.58,-0.36,-0.12
15011,0.73,0.58,-0.36,-0.12
15035,0.73,0.57,-0.35,-0.12
15059,0.73,0.57,-0.35,-0.12
15087,0.73,0.57,-0.35,-0.12
15111,0.73,0.57,-0.34,-0.12
15135,0.74,0.57,-0.34,-0.12
15159,0.74,0.57,-0.34,-0.12
15183,0.74,0.57,-0.33,-0.13
15207,0.74,0.57,-0.33,-0.13
15231,0.74,0.57,-0.34,-0.13
15255,0.74,0.57,-0.34,-0.13
15279,0.73,0.57,-0.34,-0.14
15303,0.73,0.57,-0.34,-0.14
15327,0.73,0.57,-0.35,-0.14
15351,0.73,0.57,-0.35,-0.14
15375,0.73,0.57,-0.36,-0.14
15399,0.73,0.57,-0.36,-0.14
15423,0.73,0.57,-0.36,-0.14
15447,0.73,0.57,-0.36,-0.14
15471,0.73,0.57,-0.36,-0.14
15500,0.73,0.57,-0.36,-0.14
15524,0.73,0.57,-0.36,-0.14
15548,0.73,0.57,-0.36,-0.13
15572,0.73,0.57,-0.36,-0.13
15596,0.72,0.57,-0.36,-0.13
15620,0.72,0.57,-0.36,-0.13
15644,0.72,0.57,-0.36,-0.13
15668,0.72,0.57,-0.36,-0.13
15692,0.72,0.57,-0.36,-0.13
15716,0.73,0.57,-0.36,-0.14
15740,0.73,0.57,-0.36,-0.14
15764,0.73,0.56,-0.37,-0.14
15788,0.73,0.56,-0.37,-0.14
15812,0.73,0.56,-0.37,-0.14
15836,0.73,0.55,-0.37,-0.14
15860,0.73,0.55,-0.37,-0.14
15884,0.73,0.55,-0.37,-0.13
15908,0.74,0.55,-0.37,-0.13
15936,0.74,0.55,-0.37,-0.13
15960,0.74,0.55,-0.37,-0.12
15984,0.74,0.55,-0.37,-0.12
16008,0.74,0.55,-0.37,-0.11
16032,0.74,0.55,-0.37,-0.11
16056,0.74,0.56,-0.37,-0.11
16080,0.74,0.56,-0.37,-0.11
16104,0.73,0.56,-0.37,-0.11
16128,0.73,0.56,-0.37,-0.11
16152,0.73,0.56,-0.37,-0.11
16176,0.73,0.56,-0.37,-0.11
16200,0.73,0.56,-0.37,-0.11
16224,0.73,0.56,-0.37,-0.11
16248,0.73,0.56,-0.37,-0.11
16272,0.73,0.56,-0.38,-0.11
16296,0.73,0.56,-0.38,-0.11
16320,0.73,0.56,-0.38,-0.12
16344,0.73,0.56,-0.38,-0.12
16373,0.73,0.56,-0.38,-0.12
16397,0.73,0.56,-0.38,-0.12
16421,0.73,0.55,-0.38,-0.13
16445,0.73,0.55,-0.38,-0.13
16469,0.73,0.55,-0.38,-0.13
16493,0.73,0.55,-0.38,-0.13
16517,0.73,0.55,-0.38,-0.13
16541,0.73,0.55,-0.38,-0.13
16565,0.73,0.55,-0.39,-0.14
16589,0.72,0.55,-0.39,-0.14
16613,0.72,0.55,-0.39,-0.15
16637,0.71,0.55,-0.40,-0.15
16661,0.71,0.55,-0.41,-0.16
16685,0.71,0.55,-0.41,-0.16
16709,0.71,0.55,-0.41,-0.16
16733,0.71,0.55,-0.41,-0.16
16757,0.71,0.55,-0.41,-0.16
16785,0.71,0.55,-0.41,-0.16
16809,0.71,0.55,-0.41,-0.16
16833,0.71,0.55,-0.41,-0.16
16857,0.71,0.55,-0.41,-0.16
16881,0.71,0.55,-0.41,-0.16
16905,0.70,0.56,-0.41,-0.15
16929,0.70,0.56,-0.41,-0.15
16953,0.70,0.56,-0.41,-0.15
16977,0.70,0.56,-0.41,-0.15
17001,0.70,0.56,-0.41,-0.15
17025,0.71,0.56,-0.41,-0.15
17049,0.71,0.55,-0.42,-0.15
17073,0.71,0.55,-0.42,-0.15
17097,0.71,0.54,-0.42,-0.16
17121,0.71,0.54,-0.43,-0.16
17145,0.71,0.54,-0.43,-0.16
17169,0.71,0.53,-0.43,-0.17
17193,0.71,0.53,-0.44,-0.17
17222,0.70,0.53,-0.44,-0.17
17246,0.70,0.53,-0.44,-0.17
17270,0.70,0.53,-0.44,-0.16
17294,0.70,0.54,-0.44,-0.16
17318,0.70,0.54,-0.44,-0.16
17342,0.70,0.54,-0.44,-0.15
17366,0.70,0.54,-0.44,-0.15
17390,0.70,0.54,-0.44,-0.15
17414,0.70,0.54,-0.44,-0.15
17438,0.70,0.55,-0.44,-0.14
17462,0.70,0.55,-0.44,-0.14
17486,0.70,0.55,-0.44,-0.14
17510,0.70,0.55,-0.44,-0.14
17534,0.70,0.55,-0.44,-0.14
17558,0.69,0.55,-0.45,-0.14
17582,0.69,0.55,-0.45,-0.14
17606,0.69,0.55,-0.45,-0.14
17630,0.69,0.55,-0.45,-0.15
17658,0.69,0.54,-0.45,-0.15
17682,0.69,0.54,-0.45,-0.15
17706,0.69,0.54,-0.45,-0.16
17730,0.69,0.54,-0.46,-0.16
17754,0.69,0.54,-0.46,-0.16
17778,0.69,0.54,-0.46,-0.17
17802,0.69,0.54,-0.46,-0.17
17826,0.69,0.54,-0.46,-0.17
17850,0.69,0.53,-0.46,-0.18
17874,0.69,0.53,-0.46,-0.18
17898,0.69,0.53,-0.46,-0.18
17922,0.68,0.53,-0.47,-0.18
17946,0.68,0.53,-0.47,-0.18
17970,0.68,0.53,-0.47,-0.19
17994,0.68,0.53,-0.47,-0.19
18018,0.68,0.53,-0.47,-0.19
18042,0.67,0.53,-0.47,-0.20
18071,0.67,0.53,-0.47,-0.20
18095,0.67,0.53,-0.48,-0.21
18119,0.66,0.53,-0.48,-0.22
18143,0.66,0.53,-0.48,-0.22
18167,0.65,0.53,-0.49,-0.23
18191,0.65,0.53,-0.49,-0.24
18215,0.65,0.53,-0.50,-0.24
18239,0.64,0.53,-0.50,-0.25
18263,0.64,0.52,-0.51,-0.25
18287,0.63,0.52,-0.51,-0.26
18311,0.63,0.52,-0.52,-0.26
18335,0.63,0.51,-0.52,-0.27
18359,0.62,0.51,-0.53,-0.28
18383,0.62,0.51,-0.53,-0.28
18407,0.61,0.50,-0.54,-0.29
18431,0.61,0.50,-0.54,-0.29
18455,0.60,0.50,-0.55,-0.30
18479,0.60,0.49,-0.55,-0.30
18507,0.60,0.49,-0.56,-0.31
18531,0.59,0.49,-0.56,-0.31
18555,0.59,0.48,-0.56,-0.32
18579,0.59,0.48,-0.57,-0.32
18603,0.58,0.48,-0.57,-0.33
18627,0.58,0.47,-0.58,-0.33
18651,0.57,0.47,-0.58,-0.34
18675,0.57,0.47,-0.59,-0.34
18699,0.56,0.46,-0.59,-0.35
18723,0.56,0.46,-0.59,-0.35
18747,0.55,0.46,-0.60,-0.36
18771,0.55,0.45,-0.60,-0.36
18795,0.54,0.45,-0.61,-0.37
18819,0.54,0.45,-0.61,-0.37
18843,0.53,0.44,-0.61,-0.38
18867,0.53,0.44,-0.62,-0.38
18891,0.52,0.44,-0.62,-0.39
18915,0.52,0.43,-0.63,-0.39
18944,0.52,0.43,-0.63,-0.39
18968,0.51,0.43,-0.63,-0.40
18992,0.51,0.42,-0.63,-0.40
19016,0.50,0.42,-0.64,-0.40
19040,0.50,0.42,-0.64,-0.41
19064,0.50,0.41,-0.64,-0.41
19088,0.49,0.41,-0.65,-0.41
19112,0.49,0.41,-0.65,-0.41
19136,0.48,0.41,-0.65,-0.42
19160,0.48,0.41,-0.66,-0.42
19184,0.47,0.40,-0.66,-0.42
19208,0.47,0.40,-0.66,-0.42
19232,0.46,0.40,-0.67,-0.43
19256,0.45,0.40,-0.67,-0.43
19280,0.45,0.40,-0.68,-0.43
19304,0.44,0.40,-0.68,-0.43
19328,0.43,0.40,-0.68,-0.43
19356,0.42,0.40,-0.69,-0.44
19380,0.41,0.40,-0.69,-0.44
19404,0.40,0.40,-0.69,-0.44
19428,0.39,0.40,-0.70,-0.44
19452,0.38,0.40,-0.70,-0.45
19476,0.38,0.40,-0.71,-0.45
19500,0.37,0.40,-0.71,-0.45
19524,0.36,0.40,-0.71,-0.45
19548,0.35,0.40,-0.71,-0.46
19572,0.35,0.39,-0.72,-0.46
19596,0.34,0.39,-0.72,-0.47
19620,0.34,0.39,-0.72,-0.47
19644,0.33,0.38,-0.72,-0.47
19668,0.33,0.38,-0.72,-0.48
19692,0.32,0.37,-0.72,-0.48
19716,0.32,0.37,-0.73,-0.48
19740,0.32,0.36,-0.73,-0.49
19764,0.32,0.35,-0.73,-0.49
19793,0.31,0.35,-0.73,-0.50
19817,0.31,0.34,-0.73,-0.50
19841,0.31,0.33,-0.73,-0.51
19865,0.31,0.32,-0.73,-0.52
19889,0.30,0.31,-0.73,-0.53
19913,0.30,0.30,-0.73,-0.53
19937,0.30,0.29,-0.73,-0.54
19961,0.29,0.28,-0.74,-0.54
19985,0.28,0.27,-0.74,-0.55
20009,0.28,0.27,-0.74,-0.55
20033,0.27,0.26,-0.74,-0.56
20057,0.27,0.25,-0.74,-0.56
20081,0.26,0.25,-0.74,-0.56
20105,0.25,0.24,-0.75,-0.57
20129,0.25,0.24,-0.75,-0.57
20153,0.24,0.23,-0.75,-0.57
20177,0.23,0.23,-0.75,-0.57
20201,0.22,0.22,-0.76,-0.58
20229,0.21,0.21,-0.76,-0.58
20253,0.21,0.21,-0.76,-0.58
20277,0.20,0.20,-0.76,-0.58
20301,0.19,0.20,-0.76,-0.59
20325,0.18,0.19,-0.76,-0.59
20349,0.17,0.18,-0.77,-0.59
20373,0.16,0.18,-0.77,-0.60
20397,0.15,0.17,-0.77,-0.60
20421,0.14,0.16,-0.77,-0.60
20445,0.12,0.15,-0.77,-0.60
20469,0.11,0.14,-0.78,-0.60
20493,0.10,0.13,-0.78,-0.61
20517,0.09,0.12,-0.78,-0.61
20541,0.08,0.12,-0.78,-0.61
20565,0.06,0.11,-0.78,-0.61
20589,0.05,0.10,-0.78,-0.61
20613,0.04,0.09,-0.78,-0.62
20642,0.03,0.08,-0.78,-0.62
20666,0.02,0.07,-0.78,-0.62
20690,0.01,0.06,-0.78,-0.62
20714,-0.00,0.06,-0.78,-0.62
20738,-0.01,0.05,-0.78,-0.63
20762,-0.02,0.04,-0.78,-0.63
20786,-0.03,0.03,-0.77,-0.63
20810,-0.04,0.03,-0.77,-0.63
20834,-0.04,0.02,-0.77,-0.64
20858,-0.05,0.01,-0.77,-0.64
20882,-0.06,0.01,-0.77,-0.64
20906,-0.06,0.00,-0.77,-0.63
20930,-0.07,-0.00,-0.77,-0.63
20954,-0.08,-0.01,-0.77,-0.63
20978,-0.09,-0.01,-0.77,-0.63
21002,-0.11,-0.02,-0.77,-0.63
21026,-0.12,-0.02,-0.77,-0.63
21054,-0.13,-0.03,-0.76,-0.63
21078,-0.15,-0.04,-0.76,-0.63
21102,-0.16,-0.05,-0.76,-0.63
21126,-0.18,-0.06,-0.76,-0.62
21150,-0.19,-0.07,-0.76,-0.62
21174,-0.20,-0.08,-0.75,-0.62
21198,-0.21,-0.08,-0.75,-0.62
21222,-0.23,-0.09,-0.75,-0.62
21246,-0.24,-0.10,-0.74,-0.62
21270,-0.25,-0.11,-0.74,-0.62
21294,-0.26,-0.12,-0.74,-0.61
21318,-0.27,-0.12,-0.73,-0.61
21342,-0.28,-0.13,-0.73,-0.61
21366,-0.28,-0.14,-0.73,-0.61
21390,-0.29,-0.15,-0.73,-0.61
21414,-0.29,-0.15,-0.72,-0.60
21438,-0.30,-0.16,-0.72,-0.60
21467,-0.30,-0.17,-0.72,-0.60
21491,-0.30,-0.17,-0.72,-0.60
21515,-0.31,-0.18,-0.72,-0.60
21539,-0.31,-0.18,-0.71,-0.60
21563,-0.31,-0.19,-0.71,-0.60
21587,-0.32,-0.20,-0.71,-0.60
21611,-0.32,-0.20,-0.71,-0.60
21635,-0.32,-0.21,-0.70,-0.60
21659,-0.33,-0.21,-0.70,-0.60
21683,-0.33,-0.22,-0.70,-0.60
21707,-0.33,-0.23,-0.69,-0.60
21731,-0.33,-0.23,-0.69,-0.60
21755,-0.34,-0.24,-0.68,-0.60
21779,-0.34,-0.24,-0.68,-0.60
21803,-0.34,-0.25,-0.67,-0.61
21827,-0.35,-0.25,-0.67,-0.61
21855,-0.35,-0.26,-0.66,-0.61
21879,-0.35,-0.26,-0.66,-0.61
21903,-0.35,-0.27,-0.66,-0.61
21927,-0.36,-0.27,-0.65,-0.61
21951,-0.35,-0.27,-0.65,-0.61
21975,-0.35,-0.27,-0.65,-0.62
21999,-0.35,-0.27,-0.65,-0.62
22023,-0.35,-0.28,-0.65,-0.62
22047,-0.35,-0.28,-0.65,-0.62
22071,-0.35,-0.28,-0.65,-0.62
22095,-0.34,-0.29,-0.65,-0.62
22119,-0.34,-0.29,-0.65,-0.62
22143,-0.34,-0.29,-0.65,-0.62
22167,-0.34,-0.30,-0.65,-0.62
22191,-0.34,-0.30,-0.65,-0.62
22215,-0.34,-0.30,-0.65,-0.61
22239,-0.33,-0.30,-0.65,-0.61
22268,-0.33,-0.30,-0.65,-0.61
22292,-0.33,-0.31,-0.65,-0.61
22316,-0.33,-0.31,-0.65,-0.61
22340,-0.33,-0.31,-0.65,-0.61
22364,-0.33,-0.31,-0.65,-0.61
22388,-0.34,-0.31,-0.64,-0.61
22412,-0.34,-0.31,-0.64,-0.61
22436,-0.34,-0.31,-0.64,-0.61
22460,-0.34,-0.31,-0.64,-0.61
22484,-0.35,-0.31,-0.64,-0.61
22508,-0.35,-0.30,-0.64,-0.62
22532,-0.35,-0.30,-0.64,-0.62
22556,-0.35,-0.30,-0.64,-0.62
22580,-0.35,-0.29,-0.64,-0.62
22604,-0.36,-0.29,-0.63,-0.62
22628,-0.36,-0.29,-0.63,-0.62
22656,-0.37,-0.29,-0.63,-0.62
22680,-0.37,-0.29,-0.63,-0.62
22704,-0.38,-0.29,-0.63,-0.61
22728,-0.38,-0.30,-0.63,-0.61
22752,-0.39,-0.30,-0.63,-0.61
22776,-0.39,-0.30,-0.62,-0.61
22800,-0.39,-0.31,-0.62,-0.61
22824,-0.39,-0.31,-0.62,-0.60
22848,-0.39,-0.31,-0.62,-0.60
22872,-0.39,-0.31,-0.62,-0.60
22896,-0.39,-0.32,-0.62,-0.60
22920,-0.39,-0.32,-0.62,-0.59
22944,-0.39,-0.33,-0.62,-0.59
22968,-0.39,-0.33,-0.63,-0.59
22992,-0.39,-0.33,-0.63,-0.58
23016,-0.39,-0.33,-0.63,-0.58
23040,-0.39,-0.34,-0.63,-0.58
23069,-0.39,-0.34,-0.62,-0.59
23093,-0.39,-0.34,-0.62,-0.59
23117,-0.40,-0.34,-0.61,-0.59
23141,-0.40,-0.34,-0.61,-0.60
23165,-0.40,-0.34,-0.60,-0.60
23189,-0.41,-0.35,-0.59,-0.60
23213,-0.41,-0.35,-0.59,-0.60
23237,-0.41,-0.36,-0.59,-0.60
23261,-0.41,-0.36,-0.59,-0.60
23285,-0.40,-0.36,-0.59,-0.60
23309,-0.40,-0.36,-0.59,-0.61
23333,-0.39,-0.36,-0.59,-0.61
23357,-0.38,-0.36,-0.60,-0.61
23381,-0.38,-0.36,-0.60,-0.61
23405,-0.37,-0.35,-0.60,-0.61
23429,-0.37,-0.35,-0.61,-0.61
23457,-0.37,-0.35,-0.61,-0.61
23481,-0.37,-0.35,-0.61,-0.61
23505,-0.37,-0.35,-0.61,-0.61
23529,-0.37,-0.35,-0.61,-0.61
23553,-0.37,-0.36,-0.61,-0.61
23577,-0.37,-0.36,-0.61,-0.61
23601,-0.37,-0.35,-0.61,-0.61
23625,-0.37,-0.35,-0.61,-0.61
23649,-0.37,-0.35,-0.61,-0.61
23673,-0.37,-0.35,-0.61,-0.61
23697,-0.37,-0.35,-0.60,-0.61
23721,-0.38,-0.35,-0.60,-0.61
23745,-0.38,-0.34,-0.60,-0.62
23769,-0.38,-0.34,-0.60,-0.62
23793,-0.38,-0.33,-0.60,-0.62
23817,-0.38,-0.33,-0.61,-0.62
23841,-0.38,-0.32,-0.61,-0.62
23870,-0.38,-0.32,-0.61,-0.62
23894,-0.39,-0.32,-0.60,-0.62
23918,-0.39,-0.31,-0.60,-0.62
23942,-0.40,-0.32,-0.61,-0.61
23966,-0.40,-0.32,-0.61,-0.61
23990,-0.41,-0.32,-0.60,-0.60
24014,-0.41,-0.32,-0.60,-0.60
24038,-0.42,-0.32,-0.60,-0.60
24062,-0.42,-0.32,-0.60,-0.60
24086,-0.42,-0.32,-0.60,-0.60
24110,-0.42,-0.32,-0.61,-0.59
24134,-0.42,-0.32,-0.60,-0.59
24158,-0.42,-0.33,-0.60,-0.59
24182,-0.42,-0.33,-0.60,-0.59
24206,-0.42,-0.33,-0.60,-0.59
24230,-0.42,-0.33,-0.60,-0.59
24258,-0.42,-0.33,-0.60,-0.59
24282,-0.43,-0.33,-0.60,-0.59
24306,-0.43,-0.34,-0.59,-0.60
24330,-0.43,-0.34,-0.59,-0.60
24354,-0.43,-0.34,-0.58,-0.60
24378,-0.43,-0.34,-0.58,-0.60
24402,-0.43,-0.34,-0.57,-0.61
24426,-0.43,-0.34,-0.57,-0.61
24450,-0.43,-0.35,-0.56,-0.61
24474,-0.43,-0.35,-0.56,-0.62
24498,-0.43,-0.35,-0.56,-0.62
24522,-0.42,-0.35,-0.56,-0.62
24546,-0.42,-0.35,-0.56,-0.62
24570,-0.41,-0.35,-0.56,-0.63
24594,-0.41,-0.34,-0.57,-0.63
24618,-0.41,-0.34,-0.57,-0.63
24642,-0.40,-0.34,-0.57,-0.63
24671,-0.40,-0.34,-0.58,-0.63
24695,-0.40,-0.34,-0.58,-0.63
24719,-0.40,-0.34,-0.58,-0.63
24743,-0.40,-0.34,-0.58,-0.62
24767,-0.40,-0.34,-0.58,-0.62
24791,-0.40,-0.35,-0.58,-0.62
24815,-0.40,-0.35,-0.58,-0.62
24839,-0.40,-0.35,-0.58,-0.62
24863,-0.40,-0.35,-0.58,-0.62
24887,-0.40,-0.35,-0.57,-0.62
24911,-0.40,-0.35,-0.57,-0.63
24935,-0.40,-0.35,-0.57,-0.63
24959,-0.40,-0.34,-0.57,-0.63
24983,-0.41,-0.34,-0.57,-0.63
25007,-0.41,-0.33,-0.57,-0.63
25031,-0.41,-0.33,-0.56,-0.63
25059,-0.42,-0.33,-0.56,-0.63
25083,-0.42,-0.33,-0.56,-0.63
25107,-0.43,-0.34,-0.56,-0.63
25131,-0.43,-0.34,-0.56,-0.62
25155,-0.43,-0.34,-0.56,-0.62
25179,-0.44,-0.35,-0.56,-0.61
25203,-0.44,-0.35,-0.56,-0.61
25227,-0.44,-0.36,-0.55,-0.61
25251,-0.44,-0.36,-0.55,-0.61
25275,-0.43,-0.36,-0.56,-0.61
25299,-0.43,-0.36,-0.56,-0.61
25323,-0.43,-0.36,-0.56,-0.61
25347,-0.43,-0.36,-0.56,-0.61
25371,-0.43,-0.36,-0.57,-0.61
25395,-0.43,-0.36,-0.57,-0.60
25419,-0.43,-0.36,-0.57,-0.60
25443,-0.42,-0.36,-0.57,-0.60
25472,-0.42,-0.36,-0.57,-0.60
25496,-0.42,-0.37,-0.57,-0.60
25520,-0.42,-0.37,-0.57,-0.60
25544,-0.43,-0.37,-0.56,-0.60
25568,-0.43,-0.37,-0.56,-0.60
25592,-0.43,-0.37,-0.55,-0.61
25616,-0.44,-0.37,-0.55,-0.61
25640,-0.44,-0.38,-0.54,-0.61
25664,-0.44,-0.38,-0.54,-0.61
25688,-0.44,-0.38,-0.54,-0.61
25712,-0.43,-0.38,-0.54,-0.61
25736,-0.43,-0.38,-0.54,-0.61
25760,-0.43,-0.39,-0.54,-0.61
25784,-0.42,-0.38,-0.54,-0.62
25808,-0.42,-0.38,-0.54,-0.62
25832,-0.42,-0.38,-0.55,-0.62
25860,-0.42,-0.38,-0.55,-0.61
25884,-0.42,-0.38,-0.55,-0.61
25908,-0.43,-0.38,-0.55,-0.61
25932,-0.43,-0.38,-0.55,-0.61
25956,-0.43,-0.38,-0.55,-0.61
25980,-0.43,-0.38,-0.54,-0.61
26004,-0.43,-0.39,-0.54,-0.61
26028,-0.43,-0.39,-0.54,-0.61
26052,-0.43,-0.39,-0.54,-0.61
26076,-0.43,-0.39,-0.54,-0.61
26100,-0.42,-0.39,-0.55,-0.61
26124,-0.42,-0.39,-0.55,-0.61
26148,-0.42,-0.38,-0.55,-0.61
26172,-0.43,-0.38,-0.55,-0.61
26196,-0.43,-0.37,-0.54,-0.62
26220,-0.43,-0.37,-0.54,-0.62
26244,-0.43,-0.36,-0.54,-0.62
26273,-0.44,-0.36,-0.54,-0.62
26297,-0.44,-0.36,-0.54,-0.62
26321,-0.44,-0.36,-0.54,-0.62
26345,-0.44,-0.36,-0.54,-0.61
26369,-0.44,-0.37,-0.55,-0.61
26393,-0.45,-0.37,-0.54,-0.61
26417,-0.45,-0.37,-0.54,-0.60
26441,-0.45,-0.38,-0.54,-0.60
26465,-0.45,-0.38,-0.54,-0.60
26489,-0.44,-0.39,-0.54,-0.60
26513,-0.44,-0.39,-0.54,-0.60
26537,-0.44,-0.39,-0.55,-0.59
26561,-0.44,-0.39,-0.55,-0.59
26585,-0.44,-0.40,-0.55,-0.59
26609,-0.44,-0.40,-0.55,-0.59
26633,-0.44,-0.40,-0.55,-0.58
26661,-0.44,-0.40,-0.55,-0.58
26685,-0.45,-0.40,-0.55,-0.58
26709,-0.45,-0.41,-0.55,-0.58
26733,-0.45,-0.41,-0.54,-0.58
26757,-0.45,-0.41,-0.54,-0.58
26781,-0.46,-0.41,-0.53,-0.58
26805,-0.46,-0.41,-0.53,-0.58
26829,-0.46,-0.41,-0.52,-0.59
26853,-0.47,-0.42,-0.51,-0.59
26877,-0.47,-0.42,-0.51,-0.59
26901,-0.47,-0.43,-0.51,-0.59
26925,-0.46,-0.43,-0.50,-0.59
26949,-0.46,-0.43,-0.50,-0.59
26973,-0.46,-0.43,-0.50,-0.59
26997,-0.46,-0.43,-0.50,-0.60
27021,-0.46,-0.43,-0.51,-0.59
27045,-0.46,-0.43,-0.51,-0.59
27074,-0.46,-0.43,-0.51,-0.59
27098,-0.46,-0.43,-0.51,-0.59
27122,-0.46,-0.43,-0.51,-0.58
27146,-0.46,-0.43,-0.51,-0.58
27170,-0.46,-0.43,-0.51,-0.58
27194,-0.46,-0.43,-0.51,-0.59
27218,-0.46,-0.43,-0.51,-0.59
27242,-0.46,-0.43,-0.51,-0.59
27266,-0.45,-0.43,-0.51,-0.59
27290,-0.45,-0.43,-0.51,-0.59
27314,-0.45,-0.43,-0.51,-0.59
27338,-0.46,-0.42,-0.51,-0.60
27362,-0.46,-0.42,-0.50,-0.60
27386,-0.46,-0.41,-0.50,-0.61
27410,-0.46,-0.41,-0.50,-0.61
27434,-0.47,-0.40,-0.50,-0.61
27458,-0.47,-0.40,-0.50,-0.61
27486,-0.47,-0.40,-0.50,-0.61
27510,-0.47,-0.40,-0.50,-0.61
27534,-0.47,-0.40,-0.50,-0.61
27558,-0.47,-0.41,-0.50,-0.60
27582,-0.47,-0.41,-0.50,-0.60
27606,-0.48,-0.41,-0.50,-0.60
27630,-0.48,-0.42,-0.49,-0.59
27654,-0.48,-0.42,-0.49,-0.59
27678,-0.48,-0.42,-0.49,-0.59
27702,-0.48,-0.43,-0.49,-0.59
27726,-0.48,-0.43,-0.49,-0.59
27750,-0.48,-0.43,-0.49,-0.59
27774,-0.48,-0.43,-0.50,-0.59
27798,-0.47,-0.43,-0.50,-0.59
27822,-0.47,-0.43,-0.50,-0.58
27846,-0.47,-0.43,-0.50,-0.58
27875,-0.48,-0.43,-0.50,-0.58
27899,-0.48,-0.43,-0.50,-0.58
27923,-0.48,-0.43,-0.49,-0.58
27947,-0.48,-0.43,-0.49,-0.58
27971,-0.49,-0.43,-0.49,-0.58
27995,-0.49,-0.44,-0.48,-0.58
28019,-0.50,-0.44,-0.47,-0.58
28043,-0.50,-0.44,-0.47,-0.58
28067,-0.50,-0.45,-0.46,-0.58
28091,-0.50,-0.45,-0.46,-0.58
28115,-0.50,-0.46,-0.46,-0.58
28139,-0.49,-0.45,-0.46,-0.58
28163,-0.49,-0.45,-0.47,-0.58
28187,-0.48,-0.45,-0.47,-0.59
28211,-0.47,-0.45,-0.48,-0.59
28235,-0.47,-0.45,-0.49,-0.59
28259,-0.47,-0.44,-0.49,-0.59
28287,-0.46,-0.44,-0.49,-0.59
28311,-0.46,-0.44,-0.49,-0.59
28335,-0.46,-0.44,-0.50,-0.59
28359,-0.46,-0.44,-0.50,-0.59
28383,-0.46,-0.44,-0.50,-0.59
28407,-0.46,-0.44,-0.50,-0.59
28431,-0.46,-0.44,-0.50,-0.59
28455,-0.46,-0.44,-0.50,-0.59
28479,-0.46,-0.44,-0.50,-0.59
28503,-0.46,-0.44,-0.50,-0.59
28527,-0.46,-0.44,-0.50,-0.59
28551,-0.46,-0.43,-0.50,-0.59
28575,-0.46,-0.43,-0.50,-0.60
28599,-0.47,-0.42,-0.50,-0.60
28623,-0.47,-0.42,-0.50,-0.60
28647,-0.47,-0.42,-0.50,-0.60
28676,-0.47,-0.42,-0.50,-0.59
28700,-0.47,-0.42,-0.50,-0.59
28724,-0.47,-0.42,-0.50,-0.59
28748,-0.48,-0.42,-0.50,-0.59
28772,-0.48,-0.42,-0.50,-0.58
28796,-0.48,-0.43,-0.49,-0.58
28820,-0.49,-0.43,-0.49,-0.58
28844,-0.49,-0.44,-0.49,-0.58
28868,-0.49,-0.44,-0.49,-0.58
28892,-0.49,-0.44,-0.48,-0.58
28916,-0.49,-0.44,-0.48,-0.58
28940,-0.49,-0.44,-0.48,-0.58
28964,-0.49,-0.44,-0.48,-0.58
28988,-0.49,-0.44,-0.48,-0.58
29012,-0.49,-0.44,-0.49,-0.57
29036,-0.49,-0.44,-0.49,-0.57
29060,-0.48,-0.44,-0.49,-0.57
29088,-0.48,-0.44,-0.49,-0.57
29112,-0.48,-0.44,-0.49,-0.57
29136,-0.48,-0.44,-0.49,-0.57
29160,-0.48,-0.44,-0.49,-0.57
29184,-0.49,-0.44,-0.49,-0.58
29208,-0.49,-0.44,-0.48,-0.58
29232,-0.49,-0.45,-0.48,-0.58
29256,-0.49,-0.45,-0.47,-0.58
29280,-0.49,-0.45,-0.47,-0.58
29304,-0.49,-0.45,-0.47,-0.58
29328,-0.49,-0.45,-0.47,-0.58
29352,-0.48,-0.45,-0.47,-0.58
29376,-0.48,-0.45,-0.47,-0.58
29400,-0.47,-0.45,-0.48,-0.59
29424,-0.47,-0.45,-0.48,-0.59
29448,-0.46,-0.45,-0.49,-0.59
29477,-0.46,-0.44,-0.49,-0.59
29501,-0.46,-0.44,-0.50,-0.59
29525,-0.46,-0.44,-0.50,-0.59
29549,-0.46,-0.44,-0.50,-0.59
29573,-0.45,-0.44,-0.50,-0.59
29597,-0.45,-0.44,-0.50,-0.59
29621,-0.45,-0.44,-0.50,-0.59
29645,-0.45,-0.44,-0.50,-0.59
29669,-0.45,-0.44,-0.51,-0.59
29693,-0.45,-0.44,-0.51,-0.59
29717,-0.45,-0.44,-0.51,-0.59
29741,-0.45,-0.43,-0.51,-0.59
29765,-0.45,-0.43,-0.51,-0.59
29789,-0.46,-0.42,-0.51,-0.60
29813,-0.46,-0.42,-0.51,-0.60
29837,-0.46,-0.41,-0.51,-0.60
29861,-0.46,-0.40,-0.52,-0.60
29889,-0.46,-0.40,-0.52,-0.60
29913,-0.46,-0.40,-0.52,-0.60
29937,-0.46,-0.40,-0.52,-0.60
29961,-0.46,-0.40,-0.52,-0.59
29985,-0.46,-0.40,-0.52,-0.59
30009,-0.47,-0.41,-0.52,-0.59
30033,-0.47,-0.41,-0.52,-0.58
30057,-0.47,-0.42,-0.52,-0.58
30081,-0.47,-0.42,-0.52,-0.58
30105,-0.47,-0.42,-0.52,-0.58
30129,-0.47,-0.42,-0.52,-0.58
30153,-0.46,-0.42,-0.52,-0.58
30177,-0.46,-0.42,-0.52,-0.58
30201,-0.46,-0.42,-0.52,-0.58
30225,-0.46,-0.42,-0.52,-0.58
30249,-0.46,-0.42,-0.53,-0.58
30278,-0.46,-0.41,-0.53,-0.58
30302,-0.46,-0.41,-0.53,-0.59
30326,-0.46,-0.41,-0.53,-0.59
30350,-0.45,-0.41,-0.53,-0.59
30374,-0.45,-0.41,-0.53,-0.59
30398,-0.45,-0.41,-0.53,-0.59
30422,-0.44,-0.41,-0.53,-0.60
30446,-0.44,-0.41,-0.53,-0.60
30470,-0.44,-0.41,-0.53,-0.60
30494,-0.43,-0.41,-0.53,-0.61
30518,-0.43,-0.41,-0.53,-0.61
30542,-0.43,-0.41,-0.53,-0.61
30566,-0.42,-0.41,-0.53,-0.62
30590,-0.42,-0.41,-0.53,-0.62
30614,-0.42,-0.40,-0.53,-0.62
30638,-0.42,-0.40,-0.53,-0.62
30662,-0.41,-0.40,-0.53,-0.62
30690,-0.41,-0.40,-0.53,-0.62
30714,-0.41,-0.40,-0.53,-0.63
30738,-0.41,-0.40,-0.53,-0.63
30762,-0.41,-0.40,-0.53,-0.63
30786,-0.40,-0.40,-0.53,-0.63
30810,-0.40,-0.40,-0.53,-0.63
30834,-0.40,-0.40,-0.53,-0.63
30858,-0.40,-0.40,-0.53,-0.63
30882,-0.39,-0.40,-0.54,-0.63
30906,-0.39,-0.40,-0.54,-0.63
30930,-0.39,-0.40,-0.54,-0.63
30954,-0.39,-0.40,-0.54,-0.63
30978,-0.39,-0.40,-0.54,-0.64
31002,-0.38,-0.40,-0.54,-0.64
31026,-0.38,-0.39,-0.54,-0.64
31050,-0.38,-0.39,-0.54,-0.64
31079,-0.38,-0.39,-0.54,-0.64
31103,-0.38,-0.39,-0.54,-0.64
31127,-0.38,-0.39,-0.53,-0.64
31151,-0.38,-0.39,-0.53,-0.65
31175,-0.38,-0.39,-0.53,-0.65
31199,-0.38,-0.39,-0.53,-0.65
31223,-0.38,-0.39,-0.52,-0.65
31247,-0.39,-0.39,-0.52,-0.65
31271,-0.39,-0.39,-0.52,-0.65
31295,-0.39,-0.39,-0.52,-0.65
31319,-0.39,-0.39,-0.52,-0.65
31343,-0.40,-0.39,-0.52,-0.65
31367,-0.40,-0.39,-0.52,-0.65
31391,-0.40,-0.40,-0.52,-0.64
31415,-0.40,-0.40,-0.52,-0.64
31439,-0.41,-0.40,-0.52,-0.64
31463,-0.41,-0.40,-0.52,-0.64
31491,-0.41,-0.40,-0.51,-0.64
31515,-0.41,-0.41,-0.51,-0.63
31539,-0.42,-0.41,-0.51,-0.63
31563,-0.42,-0.41,-0.51,-0.63
31587,-0.42,-0.41,-0.51,-0.63
31611,-0.42,-0.41,-0.51,-0.63
31635,-0.42,-0.41,-0.50,-0.63
31659,-0.43,-0.41,-0.50,-0.63
31683,-0.43,-0.42,-0.50,-0.63
31707,-0.43,-0.42,-0.50,-0.63
31731,-0.43,-0.42,-0.50,-0.63
31755,-0.43,-0.42,-0.50,-0.62
31779,-0.44,-0.42,-0.50,-0.62
31803,-0.44,-0.42,-0.49,-0.62
31827,-0.44,-0.42,-0.49,-0.62
31851,-0.44,-0.42,-0.49,-0.62
31880,-0.44,-0.42,-0.49,-0.62
31904,-0.44,-0.42,-0.49,-0.62
31928,-0.44,-0.42,-0.49,-0.62
31952,-0.44,-0.42,-0.48,-0.62
31976,-0.45,-0.42,-0.48,-0.62
32000,-0.45,-0.42,-0.48,-0.62
32024,-0.45,-0.43,-0.48,-0.62
32048,-0.45,-0.43,-0.48,-0.62
32072,-0.45,-0.43,-0.48,-0.62
